date,Lo 10,2-Dec,3-Dec,4-Dec,5-Dec,6-Dec,7-Dec,8-Dec,9-Dec,Hi 10
1963-01-31,105.35000000000001,103.49,105.37,106.02000000000001,105.83,104.85,104.91999999999999,102.84,103.88,106.74
1963-02-28,101.75756500000001,100.07482999999999,103.09400800000002,103.454316,103.42765899999999,103.61277,102.706188,101.34882,102.36335199999999,106.131582
1963-03-31,104.54572228100002,102.27647626000001,106.11466243440002,107.43730716600001,105.98232217729999,105.78863817,107.6977087368,106.335181944,107.7988459912,112.66928745119999
1963-04-30,110.61982874552614,106.46981178665999,109.5315545647877,111.64884960690722,110.39118677987567,111.67048645225199,111.29481220860913,113.3852045068872,113.21034805995825,119.7111179169
1963-05-31,113.11983687517501,108.78020670243052,111.59074779060569,114.02697010353435,113.59253119649206,113.61355291652117,111.25029428372568,114.07685425437921,117.15006817244478,124.09254483265852
1963-06-30,109.72624176891976,105.47328841867663,110.64222643438555,111.08507427486316,111.17301028200679,110.93227306769128,111.92892107885642,113.654769893638,115.86141742254787,123.79472272506015
1963-07-31,108.81551396223774,106.22214876644924,110.46519887209053,112.08483994333692,112.17356737454485,111.90847707068696,112.10800735258259,111.75673523641424,116.25534624178455,124.38893739414043
1963-08-31,115.00711670668906,112.15996688249376,116.09892401456715,117.28557651670775,116.16694637307864,117.940343984797,119.18202261653055,120.13849037914532,122.21924550398808,132.20056266249244
1963-09-30,114.11006119637688,109.88311955477914,116.3775614322021,114.81085085220522,112.56577103551322,117.32705419607605,118.25240284012159,118.07210834462403,119.84819214121072,128.51216696420892
1963-10-31,118.49188754631774,111.6852027154775,120.55551588761817,116.87744616754492,113.45504062669379,126.07965243910333,117.79121846904512,120.61065867403344,120.66315984777094,132.25187102286736
1963-11-30,118.6222286226187,110.84756369511143,122.73757072518406,116.38656089364123,114.19249839076728,120.12869284397765,116.1656996541723,117.61951433891741,120.89241985148172,132.25187102286736
1963-12-31,122.0385488069501,113.37488814735997,123.44944863539011,119.86651906436111,119.89070406046658,121.05368377887629,117.33897322067943,122.90063053273481,123.43116066836282,133.65374085570977
1964-01-31,126.04141320781808,115.09818644719985,127.15293209445181,121.66451685032654,124.50649616679455,123.4868628228317,121.49277287269149,123.61345418982468,127.39330092581727,138.2380641670606
1964-02-29,128.9277615702771,116.70956105746065,127.14021680124236,124.29247041429359,126.48614945584657,125.05514598068166,124.18991243046524,128.2736814127811,131.25331794386952,145.5370339550814
1964-03-31,130.44910915680637,116.40611619871125,127.72506179852807,128.13310775009526,128.66171122648714,127.44369926891265,130.85891072798123,131.55748765694827,135.37467212730704,151.83878752533641
1964-04-30,128.30974376663477,116.26642885927279,128.3125970828013,127.62057531909488,132.22564062746085,131.72580756434812,130.98976963870922,132.820439538455,134.2916747502886,153.44827867310497
1964-05-31,131.18388202700737,118.03367857793374,127.68386535709557,129.24135662564737,134.7114826712571,133.569968870249,133.80604968594147,137.50900105416244,136.64177905841862,158.02103737756352
1964-06-30,131.6954991669127,120.94911043880869,133.1998083405221,131.30921833165775,135.35809778807914,135.9742283099135,135.55890893682732,141.70302558631437,137.16101781884063,158.95336149809114
1964-07-31,132.36714621266395,125.20651912625476,133.0000086280113,134.32933035328585,140.85363655827513,139.1288304067035,139.85612635012475,144.67878912362698,142.085098358537,160.57468578537166
1964-08-31,129.4285955667428,123.87933002351646,131.39070852361237,132.2337927997746,140.7409536490285,138.22449300905996,136.63943544407186,146.35706307746105,141.88617922083506,156.56031864073736
1964-09-30,133.18202483817836,127.97973584729483,132.62578118373435,136.7429651342469,145.30096054725706,141.92890942170274,141.74975032968015,152.60650967086863,148.59739549798056,166.59583506560864
1964-10-31,131.95675020966712,128.965179813319,132.82471985550995,139.5735445125258,148.59929235167976,142.25534591337265,145.27931911288917,151.79769516961304,151.58420314748994,170.06102843497328
1964-11-30,132.78807773598803,130.95124358244414,131.93479423247803,141.58340355350617,148.6290122101501,143.16578012721823,148.2575451547034,151.79769516961304,148.82537065020563,168.51347307621504
1964-12-31,134.0628432822535,132.3262316400598,133.9665900636582,141.93736206238995,149.4018830736429,144.053407964007,147.07148479346577,151.12978531086674,146.11674890437186,165.68244672853461
1965-01-31,143.17911662544677,138.88961272940676,136.71290515996319,147.03291336042975,151.23952623544872,150.2621098472557,151.38067929791433,155.45209717075753,154.89836551352462,173.41981699075717
1965-02-28,145.14067052321536,139.30628156759497,138.5858719606547,150.8116592337928,148.83481776830507,151.99012411049912,151.12333214310786,155.26555465415262,155.9826540721193,180.2698997618921
1965-03-31,143.26835587346588,137.82963498297846,136.3407808348921,148.35342918828195,147.64413922615861,151.88373102362175,147.02788984202962,154.4115941035548,155.92026101049044,180.84676344113018
1965-04-30,151.29138380237998,139.97977728871294,140.17195677635257,153.60514058154715,153.90425072934775,154.76952191307055,151.08585960166968,157.96306076793653,160.8941173367251,190.0699483766278
1965-05-31,150.67108912879024,141.01562764064943,142.63898321561638,151.3471450149984,150.6876518891044,153.93376649473998,153.88094800430054,155.04074414372974,161.61814086474035,191.2483820565629
1965-06-30,143.8004874645174,133.37258062252624,136.07758998769805,143.85546133675598,144.25328915343962,144.6207736218082,146.66393154289887,147.00963359708453,155.1210916019778,174.38027475917403
1965-07-31,146.9928582862297,136.40013820265756,136.7171546606402,142.70461764606193,147.5278388172227,147.39749247534695,152.79448388139204,152.53719582033492,161.24837472025592,179.00135204029215
1965-08-31,153.54873976579555,139.9329017821064,139.3831391765227,145.6728736931,151.68812387186836,153.89772189350975,159.1812933076342,153.77274710647964,165.24733441331827,187.3786153157778
1965-09-30,158.18591170672258,144.95649295608402,144.4148705007952,150.26156921443265,154.94941853511355,158.23763765090672,163.82938707221712,162.16873909849343,169.8246855765672,197.94676921958768
1965-10-31,162.37783836695073,148.00057930816178,147.46202426836194,154.73936397702275,158.88513376590544,162.5100538674812,171.1197947969308,169.90418795349157,178.4517796038568,213.96066284945232
1965-11-30,166.7458022190217,147.1273758902436,143.15613315972578,154.24419801229627,158.75802565889273,165.20772076168137,175.32934174893526,174.18577348991954,181.09286594199386,221.27811751890357
1965-12-31,171.18124055804768,146.12690973418992,143.0988707064619,154.81490154494176,163.9652889005044,166.8102356530697,180.20349744955567,176.9204901337113,187.26813267061587,227.78369417395936
1966-01-31,171.36953992266152,145.4255005674658,142.68388398141317,153.4525304113463,168.91704062529962,169.79613887125964,189.17763162254357,182.74117425911038,195.65774501425943,239.87900833459656
1966-02-28,169.77580320138077,144.9455964155932,141.01448253883063,150.0458842362144,165.67383344529387,164.36266242737935,189.08304280673232,183.12493072505453,194.9533771322081,250.76951531298727
1966-03-31,170.8114356009092,142.5974777536606,135.16238151346914,146.57982431035782,161.26690947564904,161.07540917883173,183.14583526260094,180.34143177803367,190.352477431888,251.9982859380209
1966-04-30,177.3705947279841,147.0322593117994,135.5543524198582,149.8485543924788,166.79836447066384,164.00698162588648,187.2849311395357,184.6155237111731,196.2724394800197,262.48141463304256
1966-05-31,169.37118090575203,141.195078617121,129.29174133806077,142.70077834795757,156.77378276597693,155.49501927950297,174.24989993222403,172.4493606986068,181.5716337629662,239.96050925752752
1966-06-30,168.81225600876306,138.34293802905515,127.39115274039125,137.77760149495305,154.40649864621068,153.2558910018781,175.46964923174957,175.34650995834338,182.20713448113662,245.7675535815597
1966-07-31,165.18279250457465,135.9357709073496,125.64589394784788,136.33093667925604,153.619025503115,150.19077318184054,175.46964923174957,173.45276765079328,182.0249273466555,243.13784075823696
1966-08-31,153.60347875000397,125.65902662675397,115.04138049864952,125.35629627657595,142.61990327709196,139.36201843542983,164.29223257568714,158.84804461459646,167.24450324610706,222.00916239634617
1966-09-30,150.6082109143789,124.85480885634274,115.02987636059964,122.02181879561903,142.8338331320076,140.29574395894718,167.75879868303412,155.87758618030352,169.25143728506035,215.79290584924848
1966-10-31,154.16256469195827,131.85916363318358,122.09271076914045,128.2083250085569,150.91822808727923,146.8896439250177,177.38815372744025,158.41839083504246,175.8353181954492,222.61196167408474
1966-11-30,167.79053541072736,132.08332421136,124.64444842421547,130.27247904119469,145.9681102060165,146.81619910305523,179.46359512605133,158.54512554771048,178.98277039114774,221.54342425804913
1966-12-31,165.9951766818326,132.1229492086234,125.96567957751215,133.6986452399781,146.93149973337617,151.64645205354572,179.7148441592278,161.06599304391906,177.28243407243184,222.34098058537813
1967-01-31,178.12942409727455,141.16015893449324,135.65244033702282,145.97218087300809,157.43710196431255,164.71837622056137,192.43865512570113,181.4730543625836,196.3048392484038,261.072779403351
1967-02-28,186.07399641201297,142.1200480152478,135.62530984895542,144.58544515471453,157.48433309490184,163.91125617708062,191.5534373121229,180.51124717446191,194.91107488974012,259.8979518960359
1967-03-31,195.00554823978962,146.0851973548732,140.90113440207978,150.9327461970065,164.4766374843155,170.97583131831277,198.98571067983323,190.83649051284112,202.9414111751974,280.94968599961476
1967-04-30,209.06544826787848,152.13312452536496,147.4671272652167,154.93246397122715,169.14777398887003,174.90827543863395,206.04970340896736,198.98520865773943,210.73436136432497,290.8110199782013
1967-05-31,197.775914061413,145.4392670462489,141.99609684367715,149.72673318179392,160.40283407364547,170.3431694496856,199.18824828544874,194.5876355464034,205.92961792521837,278.1316595071517
1967-06-30,204.8958469676239,146.95183542352987,142.56408123105186,152.15230625933899,162.23142638208503,174.02258190979884,204.7456004126128,201.18415639142646,214.9493351903429,291.3429133337414
1967-07-31,211.53447240937493,156.32736252355107,148.55177264275605,150.50906135173813,173.10093194968474,189.05813298680548,218.1973863597215,214.86467902604346,233.39198814967435,312.29046880243743
1967-08-31,208.9749052932215,156.28046431479405,148.62604852907742,149.4705488284111,171.05834095267844,186.56256563137964,216.6263651779315,210.58887191342518,238.5732902865971,313.72700495892866
1967-09-30,219.77890789688104,159.2654211832066,155.13586945465102,153.53614775654393,176.65194870183103,193.7638806647509,219.8757606556004,214.21100051033613,246.2792075628542,324.64470473149936
1967-10-31,223.82283980218364,154.45560546347374,147.82897000333693,147.99349282253266,175.18573752760585,185.54829212456545,206.66122744019884,203.11487068390073,239.06322678126256,301.1404281089388
1967-11-30,229.73176277296128,155.9074881548304,149.0855162483653,147.4755155976538,174.11710452868746,185.23286002795368,207.83919643660798,200.21032803312093,238.7046319410907,303.36886727694497
1967-12-31,235.4980300185626,158.04342074255158,152.43994036395353,151.59008248282836,181.13402384119354,191.82714984494885,216.31903565122158,214.98585024196527,249.58956315760443,315.6553064016612
1968-01-31,215.29229904296994,152.10098812263163,147.3636903498339,149.3465492620825,180.44571455059702,185.4968539000655,209.52661793177322,212.14803701877133,245.27166371497788,315.5606098097407
1968-02-29,207.8001270362746,146.77745353833953,144.15116190020748,144.77654485466277,176.3315522588434,178.9302652720032,203.6389199678904,205.38051463787252,236.2456664902667,304.45287634443787
1968-03-31,216.2783722193546,147.7168292409849,142.78172586215553,142.12713408382245,177.7069383664624,177.73143249468077,200.68615562835598,207.167325115222,239.5058566878324,301.7128004573379
1968-04-30,241.34503555957778,163.6702467990113,155.10378880405955,149.6882976170818,188.33381328077684,190.04822076656214,221.25648658026248,224.05146211211257,272.34210963973425,336.8321704305721
1968-05-31,252.03662063486706,164.78320447724457,156.34461911449202,151.34983772063143,190.1606512696004,190.71338953924513,228.35881979948888,230.6385750982087,284.869846683162,355.0884740679091
1968-06-30,249.59186541470885,165.37642401336265,160.98805430219244,154.2254846373234,194.3441855975316,195.7291516841273,233.77092382873678,236.81968891084065,284.58497683647886,348.90993461912745
1968-07-31,233.5181492820016,156.36340890463438,155.94912820253384,149.42907206510262,187.8336553800143,194.61349551952773,233.09298814963344,238.02746932428596,296.6513798543456,355.7485693376624
1968-08-31,237.9082904885032,156.6604993815532,159.5047683255516,151.5659077956336,193.67528206233274,197.27970040814526,235.05096925009036,244.50181648990656,302.6140725894179,362.0808938718728
1968-09-30,243.78462526356924,161.65796931182476,165.15123712427615,160.4931397647964,205.45073921172255,207.2817812188382,244.17094685699382,253.0349298854043,313.1753037227886,395.03025521421324
1968-10-31,240.9811020730382,155.36947430559476,169.4781995369322,161.3758520335028,210.71027813554264,213.89407003971917,246.63707342024946,258.32335992000924,325.577045750211,401.2322302210764
1968-11-30,258.95829228768685,165.82583992636125,178.4435962924359,171.1713662519364,224.8700088262511,215.0277086109297,263.3344032908004,273.0477914354497,346.2186304507744,436.09931102728797
1968-12-31,247.38285662242725,158.06519061780756,170.9668096077828,163.74252895660237,217.69665554469367,207.63075543471373,261.80706375171377,261.82552720745275,334.48181887849313,429.9939206729059
1969-01-31,244.01844977236223,153.57613920426184,167.85521367292117,163.57878642764575,217.06533524361404,207.13244162167044,262.5139428238434,263.6844884506257,331.6052752361381,425.39298572170577
1969-02-28,229.5237538558839,148.5695570662029,158.11961127989173,153.89492227112913,202.56537084934064,200.25564455983096,249.6770110197575,251.89779181688272,315.68822202480345,391.8294791482632
1969-03-31,236.36356172078928,156.5031714135381,164.31790004206346,154.95679723479992,207.85232702850843,207.48487332844087,255.54442077872181,254.61828796850506,329.51536614948986,416.16208980337035
1969-04-30,245.22719528531888,162.70069700151424,167.4892355128753,158.59828196981772,209.95163553149635,207.11140055644967,259.5820226270256,264.8539431448389,328.36206236796664,419.86593240262033
1969-05-31,246.72308117655933,161.43163156490243,167.42223981867014,155.07740011008778,207.6421675406499,209.658870783294,254.77975520842566,266.2576690435066,341.6607258938693,429.6068220343612
1969-06-30,236.38538407526147,158.9778707651159,156.62350535036595,143.16745578163304,189.09972197926987,194.29087555487854,237.70951160946115,247.75276104498292,316.2411678873654,381.8775041063437
1969-07-31,223.9278743344952,150.67922591117687,148.57305717535712,133.54660275310727,175.91947135731476,181.44824868070106,221.68789052698347,233.20967397164242,294.19915848561607,349.34154075648325
1969-08-31,243.5887417010639,161.0308887312747,156.9674349057648,142.8013823238976,183.44882473140783,189.79486812001332,229.33612275016438,236.9410287551887,305.9082849933436,359.75191867102643
1969-09-30,245.220786270461,160.09690957663332,157.9720264891617,137.9175750484203,175.3403866782796,184.42367335221695,222.43310545538444,234.5479243647613,288.8691935192144,339.1741089230437
1969-10-31,264.6422725430815,170.1830148799612,169.4249984096259,148.55102008465352,187.22846489506696,196.30055791609973,235.26749564016015,246.48641371492764,293.69330905098525,354.1656045374422
1969-11-30,259.98456854632326,166.62618986897002,163.64760596385764,144.06477927809698,182.04223641747365,188.88039682687113,223.10416611556386,236.89809222141696,285.0587257648863,332.70316890247324
1969-12-31,259.28261021124814,169.07559486004388,161.27471567738172,140.79450878848417,179.6938915676882,183.44064139825724,216.0094536330889,231.37836667265796,273.57085911656134,318.7629061254596
1970-01-31,234.33962310892608,156.19203453170852,151.04989870343573,131.40351505229228,166.5043599266199,169.82934580650655,200.60797958904965,215.64463773891723,252.99833051099597,290.58426522396894
1970-02-28,245.40045331966738,160.9715107883788,160.0222626864198,138.3021995925376,178.69247907324848,181.2248949101231,214.83108534191325,231.47295414895376,271.54310813745195,310.98328064269157
1970-03-31,231.24084716312257,158.52474382439544,159.7662270661215,136.8085358369382,181.44434325097652,181.9135495107816,215.7333759003493,239.13470893128408,276.26795821904363,311.8540338284911
1970-04-30,199.51460293234214,141.48333386327292,142.68721739275313,120.06317105049695,159.8887552727605,166.9238730310932,194.13846497272434,219.71697056606382,255.85175610665632,285.2840701463037
1970-05-31,179.80256016262675,130.1080738206658,132.4137377404749,108.32099292175835,144.39553488683,159.2286824843598,183.0337447762845,208.37957488485492,253.21648301875777,275.4132413192416
1970-06-30,167.27032171929167,121.50793014111976,127.9513947786209,102.7749580841643,138.7785485797323,151.85639448533394,175.98694560239753,201.44053504118924,239.46682799083922,259.3291080261979
1970-07-31,170.19755234937927,133.41570729494953,138.16191608195484,109.8458752003548,153.33641832574622,164.26306191478574,193.2336662714325,221.22199558223406,261.6893496283891,279.6086442738466
1970-08-31,178.53723241449885,137.23139652358506,143.4949660427183,114.97567757221137,161.26391115318734,172.26267303003578,200.07413805744125,236.99512386724732,280.4001381268189,298.9296015931694
1970-09-30,194.55202216207942,147.42768928528744,149.6078515961381,121.06938848353856,164.98910750082592,176.1902619751206,202.21493133465586,242.6119083029011,283.00785941139833,314.23479719473966
1970-10-31,193.44307563575558,144.25799396565378,146.0322239429904,118.72064234695792,161.92031010131058,169.49503202006602,194.8543078340744,245.54751239336622,281.11170675334193,302.29387490133956
1970-11-30,201.54834050489376,152.8413446066102,150.32557132691434,124.14617570221391,172.63943463001735,180.59695661738036,208.18234248992508,256.79358846098245,298.9341889615038,312.9346192978667
1970-12-31,210.4164674871091,161.04892481198516,162.5019426043944,133.22126114604572,185.44928067956462,196.50754849537157,223.46292642868553,267.11669071711395,317.34853500153247,339.3150077046768
1971-01-31,220.26395816550578,170.19650374130592,166.66199233506688,143.79902928104175,196.0569795344357,207.84603404355454,240.53549400783712,271.73780946652005,326.55164251657686,362.76167473707
1971-02-28,225.15381803678002,175.4896150076605,170.59521535417448,145.65403675876718,198.03715502773352,209.86214057377703,233.72833952741533,283.9388371115668,330.69884837653734,374.8053623383407
1971-03-31,241.2298006446061,184.29919368104507,178.61319047582066,152.63086511951215,207.30529388303145,217.62703977500672,237.44462012590125,292.5137899923361,338.63562073757424,387.9610305564164
1971-04-30,248.6355555243955,193.84589191372322,180.2742931472458,160.67451171131043,211.84527981906984,221.84900434664186,243.21452439496065,299.00759613016595,361.2564802028442,407.2426937750704
1971-05-31,241.2759430808734,189.29051345375072,173.6582265887419,154.53674536393837,203.94345088181853,213.2190780775575,231.88072755815548,287.67520823683265,343.08527924864114,389.77198221211984
1971-06-30,244.05061642630343,190.46411463716396,175.1864189827228,155.55668788334035,206.71708181381126,213.261721893173,233.92127796066723,282.468286967746,338.11054269953587,390.35664018543804
1971-07-31,233.38560448847397,180.7504447906686,169.17752481161543,150.2988718328834,201.30109427028944,203.1744424476259,222.85680151312766,274.24845981698456,324.146577286045,369.62870259159126
1971-08-31,247.78549628541288,190.6736442096763,178.29619339896152,156.59639456268124,208.24598202261444,212.09380047107666,230.18879028290957,271.3688509889062,332.31507103365334,399.56862750151015
1971-09-30,251.3536074319228,190.65457684525532,178.08223796688276,156.173584297362,206.85073394306292,209.56988424547083,224.91746698543093,268.92653133000607,326.9315668829081,386.38286279396027
1971-10-31,243.28515663335807,183.8482084518797,171.36853759553128,147.53718508571788,201.41055964036036,200.97751899140653,214.6162469974982,260.7780574307069,306.1387192291552,363.2385293126021
1971-11-30,246.32622109127507,184.9696825234362,172.2253802835089,144.8520083171578,198.00672118243827,201.2990830217928,211.74038928773174,259.76102300672716,302.64873782994283,362.4030806951831
1971-12-31,270.1952319150196,202.9117417282095,184.74616543012002,159.5255167596859,214.6788871059996,220.60366508358277,232.91442821650494,279.6327412667418,333.6702334575119,397.2662570580598
1972-01-31,276.81501509693754,210.33831147546195,187.35108636268473,162.97126792169513,218.82218962714543,224.88337618620426,237.75904832340822,283.0722239843227,346.3830693522432,418.48027518496013
1972-02-29,297.57614122920785,217.63705088366046,190.3299686358514,167.01295536615314,222.87040013524765,229.49348539802145,243.60792091216405,284.00636232347097,354.2806033334743,428.85858600954714
1972-03-31,304.271604406865,222.49035711836612,196.30632965101717,172.15695439143067,225.43340973680301,228.7132075476682,240.4653787323971,274.83295682042285,347.6555560511383,424.7844294424564
1972-04-30,307.61859205534046,226.33944029651386,196.65968104438898,171.82985617808694,223.78774584572434,231.89232113258078,243.66356826953802,272.74422634858763,347.0645416058514,422.3631581946345
1972-05-31,320.3847636256371,233.22015928152786,196.14836587367358,170.7645110697828,223.07162505901803,230.38502104521902,241.9822896484782,280.7629066032361,351.95815164249393,421.18054135168944
1972-06-30,319.93622495656126,227.31968925170523,193.8534299929516,167.98104953934535,216.64716225731829,223.98031746016193,234.69862273005896,272.87346892768517,336.7535594915382,407.1973473788134
1972-07-31,324.63928746342265,229.4337623617461,191.23640868804674,166.28444093899796,210.36439455185604,220.9117871109577,230.99038449092401,269.84457342258787,334.39628457509747,398.7276425533341
1972-08-31,320.32158494015914,232.3246277675041,195.21412598875813,175.72939718433304,222.46034723858776,233.23866483174913,243.92584602241575,285.4415897664135,362.28493470866056,429.8682714367494
1972-09-30,322.8841576196804,231.20946955422008,193.1058134280795,172.2675280598017,214.9411875019235,226.0082662219649,237.90087762566205,279.5044046992721,366.66858241863537,419.6803934036985
1972-10-31,329.11582186174024,227.8800531926393,195.34584086384524,174.66204669983293,217.88588177069985,228.83336954973944,240.5653674550695,285.9889068882952,370.7019368252403,425.8077271473924
1972-11-30,332.43989166254386,231.8907421288298,203.39408950743564,183.08075735076488,234.1837457271482,245.6526222116453,260.2195579761487,314.1588142167923,398.39337150608577,468.43108063484647
1972-12-31,347.83185864651966,235.76331752238121,207.8687594765992,180.53593482358926,232.52104113248544,242.7539212695479,257.40918675000626,309.10085730790195,400.82357107227284,465.38627861072
1973-01-31,335.6229604080268,238.19167969286173,196.14496144211898,171.0758518388332,218.59303076864958,227.36332266105856,247.70486040953102,292.34759084181366,408.1185600657882,457.10240285144914
1973-02-28,325.4535847076636,232.26070686850946,184.92546964762977,163.18925506906297,213.25936081789453,216.6999828282549,233.5609128801468,283.2848155257174,384.2844361579462,432.4645833377561
1973-03-31,322.6221385207069,229.1251873257846,183.59400626616684,161.7042328479345,207.03218748201203,215.24809294330555,235.35933190932394,278.4689736617802,392.8155506406526,426.2370933376924
1973-04-30,301.3936018060444,215.3089385300398,169.87953399808418,152.79432961801328,198.89582251396897,205.32515585861915,227.80429735503463,265.60370707860596,393.32621085648543,413.8762176308993
1973-05-31,303.4430782983255,211.06735244099798,167.17844940751462,147.4465280813828,192.3720395355108,201.03386010117399,225.41235223280677,260.265072566326,379.5991260975941,395.6242764333766
1973-06-30,300.3783032075124,210.79296488282466,166.12522517624728,145.75089300844692,187.31265489572687,194.0981919276835,222.39182671288717,255.1118241295127,381.345282077643,389.8877244250927
1973-07-31,322.3059193416608,223.75673222311838,184.36577490059923,155.44332739350864,201.06140376507318,196.27209167727358,227.0620550738578,266.8469680394703,388.4764388524949,413.55390929769584
1973-08-31,309.542604935731,218.02855987820658,178.20795801891921,153.59355179752586,197.5830414799374,188.36232638267944,219.63712587294265,260.09573974807176,376.7056027552643,400.3615395910993
1973-09-30,316.5692220677721,215.49942858361936,195.79708347538656,170.02806183986115,216.41270533297546,203.97756323980357,238.37217270990462,284.46671056246606,407.7084738620226,445.6824658728117
1973-10-31,312.58044986971817,220.62831498390955,193.68247497385238,171.59232000878788,218.20893078723915,202.73330010404078,237.91926558175584,283.81243712817235,396.2110948991135,448.5348336543977
1973-11-30,271.31983048691535,197.7712215515765,166.62503322000518,147.67235059956286,188.7725460240406,179.5000639121177,204.87227959244993,256.11234326446277,355.0051410296057,383.9458176081644
1973-12-31,267.4128249279038,193.02471223433866,167.95803348576524,152.54553816934842,195.0020400428339,189.103317331416,216.2017166539124,267.30445266511975,372.755398081086,401.72250896342246
1974-01-31,262.78658305665107,189.78189706880175,172.03941369946932,151.3099193101767,197.40056513536075,185.30234065305456,223.76877673679928,273.5326464122171,383.71440678466996,425.504481494057
1974-02-28,258.082703219937,187.03005956130414,175.18773497016963,151.6428011326591,204.56620564977436,184.22758707726683,226.2302332809041,277.4441632559118,393.23052407292977,435.7165890499144
1974-03-31,254.13403786067198,182.61615015565738,173.523451487953,146.2594816924497,199.65661671417976,179.08763739781108,222.42956536178488,272.11723532139825,380.05730151648663,430.13941671007547
1974-04-30,246.71332395514037,174.21580724849713,167.51954006646983,139.15127088219663,186.43934868770106,169.81089778060448,209.3062210054396,253.69489849013962,362.72668856733486,423.2571860427143
1974-05-31,247.4781352594013,166.44578224521416,157.2003363983753,131.6927627629109,173.2580867354806,159.09583013064835,198.08740755954804,240.68035019759546,354.6016107434266,404.3799155452093
1974-06-30,241.5386600131757,163.15015575675892,152.65724667646222,130.16512671486112,171.36957359006385,153.9570348174284,192.28344651805327,233.2914634465293,354.06970832731145,399.93173647421196
1974-07-31,208.76186384938774,151.6480697759074,146.74941123008315,131.07628260186513,165.71437766159173,144.07299318214947,189.8606750919258,214.2548800292925,339.2341875483971,383.17459671594247
1974-08-31,186.86274433158695,138.5608413542466,128.24431047396968,118.20459165036196,153.21951358590772,139.5635084955482,175.43126378493946,206.5845553242438,314.60578553238344,351.7925972449068
1974-09-30,156.27331308450619,119.6195743411211,118.10018551547867,108.83096753248826,146.29399157182468,131.07804717901888,161.43184893490127,188.0332622561267,293.8732642657994,323.9306235431102
1974-10-31,192.51309438880318,146.18708180228407,136.45295434458407,126.17862375716689,164.60999931661712,147.04335332542337,183.04757350728457,194.67083641376797,311.0942375517752,333.35700468821466
1974-11-30,184.3697904961568,140.60273527743684,132.33207512337765,121.82546123754463,158.7005003411506,141.27925387506676,176.49447037572378,184.19754541470726,300.51703347501484,312.88888460035827
1974-12-31,176.49720044197093,135.00674641339484,130.2809279589653,121.49653249220324,152.90793207869856,141.5759403082044,176.2826770112729,181.69245879706722,290.14919582012686,300.9052403201645
1975-01-31,194.25281880643323,150.10050066241237,147.29561715040614,139.98830473751661,183.42835532160683,161.0426321005825,208.71868958134715,223.40904733687387,362.1642262226823,380.1335900964639
1975-02-28,213.46442258638945,163.92475677342054,151.09584407288662,145.7838205536498,188.30754957316157,168.53111449325957,213.18526953838796,231.22836399366443,366.6912790504659,378.7270958131069
1975-03-31,222.0456923743623,166.71147763856868,157.97070497820297,147.59153992851506,194.40871417933198,169.42432940007387,216.91601175530977,245.1714343424824,399.2534646301472,413.229134241681
1975-04-30,233.8363186394409,175.38047447577426,168.61793049373384,156.5503464021759,201.21301917560862,171.88098217637494,223.81394092912862,257.2338689121325,420.334047562619,423.55986259772294
1975-05-31,247.23513969748083,183.5882806812405,178.8530388747035,169.38747480715435,213.3864068357329,180.61253607093477,239.21234006505264,267.7032873768563,430.88443215644065,447.36392687571504
1975-06-30,255.61641093322544,191.22555315758012,190.40694518600932,180.41459941710008,231.48157413540304,190.41979677958653,254.80898463729403,287.43301965653063,464.4072409782118,482.6162043135214
1975-07-31,231.81852307534214,177.26608777707676,179.15389472551615,170.7443768883435,226.13434977287525,180.38467348930234,245.86518927652497,275.6195225486472,444.94857758122475,466.6416079507438
1975-08-31,222.8007825277113,173.2066943669817,176.6636555888315,167.94416910737468,219.2372521048026,179.98782720762588,244.98007459512948,268.9770920552248,448.95311477945575,445.8293922361406
1975-09-30,209.67781643682915,167.508194122308,168.0601355616554,162.7546942819568,218.2287607451205,175.7401144855259,239.10055280484636,260.88088158436256,435.6192072705059,423.6716714420044
1975-10-31,227.18591410930435,180.5570824444358,176.64800848885596,167.75126339641287,232.0862870524356,184.43925015255945,246.96696099212576,271.42046920037075,448.9927169337104,426.0865999692239
1975-11-30,237.13665714729188,186.6779675393022,180.25162786202864,170.28430747369868,241.76428522252218,187.1689510548173,248.0783123165903,280.13306626170265,469.73618045604786,439.210067248276
1975-12-31,227.93575484997697,183.87779802621264,179.87309944351838,170.3183643351934,241.4983445087774,189.7705994744793,247.80542617304206,280.4131993279643,474.0107796981979,441.40611758451735
1976-01-31,250.29625240075976,207.34060505435735,202.84289424245569,192.27240149799985,268.1114620736447,210.53150305698733,286.88434188053077,328.4479803728446,582.7488525609646,537.9416355002513
1976-02-29,240.9602021862114,209.24813862085747,202.47777703281926,194.13744379253046,276.5301619827572,213.0789342439769,290.4703961540374,337.64452382328426,613.4597170909274,584.4735869710231
1976-03-31,252.2853316889633,214.35379320320638,203.14595369702758,197.32129787072796,284.8260668422399,219.6843812055402,301.8568356832756,345.07270334739655,619.4102763467095,588.3311126450318
1976-04-30,244.1869725417476,208.780594579923,203.26784126924576,196.37415564094846,287.53191447724123,219.42075994809355,306.5054309527981,345.07270334739655,619.28639429144,578.4471499525952
1976-05-31,238.1555543199664,206.42137386116985,200.54405219623789,195.8243080051538,283.39145490876894,221.6369096235693,313.49375477852186,343.416354371329,610.7402420502182,580.8187832674008
1976-06-30,248.11045649054103,218.88922484238452,206.560373762125,206.06591931382337,291.2413982097419,231.7435527024041,330.3910681610842,362.64767021612346,640.4222178138588,617.2361209782669
1976-07-31,246.05113970166954,215.32133047745364,205.48625981856196,203.7991942013713,290.5132947142175,230.5384862283516,329.20166031570426,365.5488515778525,640.2941333702961,615.1375181669407
1976-08-31,247.60126188179004,212.3714282499125,202.77384118895694,204.96084960831917,293.15696569611697,230.81513241182563,327.7531730103152,371.72662716951817,625.6954271294533,600.0666489718508
1976-09-30,250.05251437441976,216.95865110011061,204.21353546139852,212.83134623327862,305.0591385033793,239.90924862885157,334.0460339321133,385.4061670493564,657.4181852849166,624.6093749147993
1976-10-31,242.4509179374374,212.66286980832842,202.02845063196156,209.34091215505285,301.3069110997877,232.1601798981397,324.29188974129556,383.47913621410964,648.6087816020987,607.7449217920997
1976-11-30,238.11104650635727,211.6846206072101,205.72557127852647,213.00437811776632,308.08631659953295,232.90309247381376,328.4752551189582,392.06906886530567,668.0021841720014,628.8336705782856
1976-12-31,244.11144487831743,224.11050783685332,218.43941158353942,228.7028007850457,328.35839623178225,248.90353492676476,355.70585376831986,416.37735113495467,717.1671449270607,689.7676532573214
1977-01-31,219.43177780111958,210.91039892526265,209.94211847293974,219.37172651301586,324.54943883549356,245.74246003319482,358.19579474469805,413.046332325875,724.2670996618386,707.2187748847317
1977-02-28,216.16224431188286,208.2107458190193,205.82725295087013,213.25125534330272,319.8759269162625,239.08283936629525,351.2826159061254,412.6745906267817,715.4310410459642,696.2568838740184
1977-03-31,211.21212891714075,206.2327437337386,205.74492204968982,209.22080661731428,316.06940338595894,238.65249025543588,350.0179984888633,410.9826248052119,704.2703168056472,701.5484361914611
1977-04-30,204.91800747540995,202.87115001087867,208.1521376376712,211.35485884481088,320.6208027947167,245.02451174525604,359.4684844480626,417.3939537521733,724.9758641197334,724.138295836826
1977-05-31,199.95899169450504,197.23133204057623,205.69594241354667,211.31258787304193,320.55667863415783,242.72128133485063,359.2887502058386,418.3539598458033,716.4211489231204,730.2210575218554
1977-06-30,215.85573153421817,207.11262177580912,213.96491929857126,221.09636069156377,335.71900953355345,253.3524734573171,376.4986813406983,432.20147591669934,748.7317427395532,783.600216826703
1977-07-31,213.8698588041034,205.60069963684572,210.07075776733726,218.37687545505756,330.48179298483007,249.55218635545734,368.6675087688118,423.8167672839154,745.2127035486772,771.6111335092545
1977-08-31,220.7992422293563,206.05302117604677,206.20545582441827,213.85647413313785,320.005520147211,242.56472513750452,353.62587441104426,412.5008595974349,721.5149395758292,744.6819049497815
1977-09-30,218.01717177726644,203.00343646264128,206.49414346257248,214.30557272881745,319.8135168351226,244.6750382462008,351.89310762643015,424.0508836661631,731.6883002238484,759.0542657153123
1977-10-31,207.0945114712254,194.76149694225805,197.90398709452947,204.7475441851122,311.59430945246,234.86356921252815,342.25123647746597,407.17365849624974,707.2499109963719,737.6489354221405
1977-11-30,217.1385952775798,204.05162034640378,205.06811142735145,215.45584074599358,324.93054589702524,245.40894347017064,356.14663667845105,419.1445640560396,746.2193810922719,786.4075300535441
1977-12-31,215.51005581299796,206.56145527666453,205.92939749534636,216.05911710008235,330.746802668582,244.52547127367802,361.7737535379706,423.4617530658167,755.9202330464714,800.1696618294811
1978-01-31,202.14843235259207,195.28319981855867,193.32651836863116,203.0739641623674,314.6725080588889,231.81014676744675,339.3799581939702,399.5361640175981,722.4329667225128,763.361857385325
1978-02-28,196.40741687377846,189.75668526369344,189.76931043064835,201.06353191715996,311.96632448958246,229.72385544653972,337.2079264615288,408.2860060095835,724.3112924359912,772.827544416903
1978-03-31,201.57293193755885,191.27473874580298,201.7247769877792,208.4023508321363,322.5107862573303,237.87905231489194,347.2567226700824,424.8215892529716,761.8306173841755,814.8693628331825
1978-04-30,226.003571288391,213.4434809664415,219.07310780872825,222.24026692739014,345.92506933961255,256.4336183954535,371.84249863512423,450.22592029029937,798.3223039568776,883.2369023748865
1978-05-31,232.6932769985274,217.30680797193412,223.62982845114976,227.30734501333464,356.9600790515462,262.2546615330303,377.7547943634227,450.9462817627639,824.9862689090374,919.4496153722569
1978-06-30,231.22730935343668,215.9812364433053,220.5437368185239,225.44342478422527,349.49961339936885,258.3470670761881,369.2175360108094,443.09981646009174,818.8813705191105,903.3592471032424
1978-07-31,246.07210261392734,233.60530533707902,233.95279601709012,239.12784066862773,366.24064488119865,269.63683390741755,384.9831247984709,467.1158265122288,847.787882898435,970.9305187865649
1978-08-31,253.67573058469767,242.90279648949476,245.60364525874127,249.2907738970444,387.81221886470126,280.341416213542,404.46327091327356,493.97498653668197,879.6647072954162,1015.302043495111
1978-09-30,247.33383732008022,234.88700420534144,240.88805526977342,245.8007030624858,391.34131005637005,280.2292796470566,403.04764946507714,491.01113661746194,895.0588396730861,1015.098983086412
1978-10-31,218.1731779000428,212.52576140499295,212.9450408584797,215.17393546090005,351.0722892515696,249.76835694942156,352.30395039742393,433.7101369742041,816.0251441299525,841.3140371820182
1978-11-30,227.3364513718446,219.00779712784524,215.20225829157957,222.98474931813072,362.5172458811707,261.65733074021404,366.25518683316193,444.37940634376946,843.19878142948,893.1389818724306
1978-12-31,232.7697925596317,227.81191057238465,216.77323477710812,226.15113275844817,362.95226657622817,264.9280473744667,368.342841398111,450.4229662700448,848.4266138743427,916.6285370956755
1979-01-31,239.28734675130138,235.4436095765595,231.2103322132635,238.13714279464594,382.8420507846055,280.5852949742977,391.143263280654,475.9169061609293,891.272157874997,967.0431066359375
1979-02-28,228.1604851273659,227.13245015850697,222.10064512406095,232.1599005105003,372.69673643881345,273.79513083591974,382.6945687937919,458.879080920368,878.794347664747,940.8362384461036
1979-03-31,240.57241551829458,240.55597796287472,235.1601630573557,245.4394468197009,397.85376614843335,287.2658512730469,416.0655351926105,497.4249237176789,926.8643984820086,1032.9441061899772
1979-04-30,241.63093414657507,240.580033560671,236.87683224767443,245.1694634281992,396.69999022660284,288.1851019971207,419.9765512234211,503.79196274126514,941.5088559780245,1057.8380591491555
1979-05-31,236.07342266120384,235.16698280555596,233.6079319626565,245.58625151602715,391.4635503556117,287.2629096707299,411.8290061296867,496.63811687033916,930.3990514774837,1036.6812979661725
1979-06-30,244.0054896626203,239.18833821153092,244.91455586964906,260.95995086093046,418.94429159057563,300.96535046202376,439.3803666397627,525.2444724020708,969.2897318292426,1104.2729185935666
1979-07-31,245.2011165619671,237.10739966909057,250.98843685521635,265.8399019420298,429.2922155928628,310.95740009736295,449.5300531091412,532.7554683574203,998.36842378412,1130.996323223531
1979-08-31,264.5229645470501,251.7132154887066,265.77165578598857,282.50806379379515,454.01944721101177,330.2056631633898,479.42380164089906,558.3810063854122,1066.8564976557104,1213.2197559218816
1979-09-30,261.69256882639667,245.72244096007537,262.9013219034999,281.66053960241373,458.0602202911898,329.1820256075832,491.98470524389063,559.1069016937133,1079.6587756275792,1228.263680895313
1979-10-31,245.0489214490378,226.72809627386155,242.68421024912072,257.52223135848686,428.1488879061751,298.93019745424635,465.466729631245,528.0764686497123,1006.134013007341,1112.192763050706
1979-11-30,263.52561012629525,240.42247328880276,256.49294181229567,273.79763638034325,450.7551491876211,315.9991117288838,496.513360497649,560.2891332373447,1080.286089765982,1146.4483001526676
1979-12-31,272.3800706265388,245.6155987118409,266.1114271302568,283.161515544551,455.26270067949736,323.2038914763023,516.373894917555,563.4827812967975,1119.068360388581,1184.051804397675
1980-01-31,276.30234364356096,255.1454839418603,281.99827932993315,297.63106898887753,489.3163506903238,338.03895009506465,559.8525768696132,600.1655103592191,1229.9680349030891,1298.9048294242493
1980-02-29,269.14611294319275,243.10261709980452,268.54696140589533,291.6486845022011,504.77874737213807,328.60766338741234,579.3354465446757,618.7106246293189,1228.6150700646958,1303.1912153613496
1980-03-31,245.8111449510179,221.32062260766202,239.7318724470428,259.9464724968118,446.57775780013054,294.66249175949264,496.5484112334416,552.4467167315188,1058.9433288887615,1111.8827449463033
1980-04-30,255.7910774360292,230.90380556657374,252.7253399336725,276.99896109260266,472.9258455103382,319.0900123263546,521.5744511596071,581.5054140315967,1110.0902916740886,1133.5644584727563
1980-05-31,273.92666482624367,242.77226117269564,268.2679483395934,295.5301915896977,509.5775985373894,335.58696596362716,547.9139609431672,610.4062331089671,1179.0268987870495,1199.8779792934124
1980-06-30,278.55602546180717,252.70164665465887,279.5888557595242,309.71564078600323,527.2599412066368,344.68137274124143,560.4611906487656,630.9769231647393,1236.799216827615,1228.555062998525
1980-07-31,311.6206256841237,281.88868684327196,310.0360821517364,332.35585412746,559.7918795790863,355.84904921805764,584.9533446801167,658.7399077839879,1293.9393406450508,1302.636933297336
1980-08-31,321.99759251940503,289.97889215567386,317.6629697726691,337.5406054518484,567.0131948256566,363.5353886811677,586.7082047141571,670.0702341978725,1328.2287331721445,1347.9686985760834
1980-09-30,340.383655052263,299.5191977075955,324.71508770162234,346.7217099201387,583.7400840730135,382.18475412051157,607.8883709043382,681.3944211558165,1348.94910140963,1371.5581508011649
1980-10-31,346.85094449825596,301.5559282520071,328.5142542277314,352.7893398437412,597.9833421243949,397.58679971156823,621.9913811093189,720.0976242774668,1343.4184100938505,1393.3659253989035
1980-11-30,395.9303531447592,332.0130770054598,355.4524230744054,382.77643373045913,647.0179761785953,453.9646079106685,677.0998174756046,823.6476626485664,1456.5342402237527,1564.0532512602692
1980-12-31,396.4846556391619,324.8083932344413,348.4144650975321,376.26923435704134,646.4356600000345,426.4997491320731,666.4693503412376,779.1706888655439,1394.922841862288,1460.9821420022176
1981-01-31,368.6117843477288,311.32884491521196,333.81589900994555,363.85234962325893,616.958193904033,397.54041616600534,651.7403776986962,746.8351052776238,1396.736241556709,1390.2706063293103
1981-02-28,373.58804343642316,322.06969006478676,344.63153413786773,377.96982078864136,620.2897681511148,403.38426028364563,660.4085247220888,739.4414377353753,1428.7215014883577,1430.5884539128601
1981-03-31,396.1901200643267,341.71594115873876,358.1066271226584,398.90934886033205,671.9599058381026,423.9165191320832,684.3813541695007,755.1175962153653,1458.4389087193154,1477.511755201202
1981-04-30,402.0141148292724,338.29878174715134,351.8755718107241,390.1333431854047,661.7461152693634,395.5565040021468,677.4691024923887,752.39917286899,1482.0656190405684,1459.4861117877474
1981-05-31,419.22031894396514,344.6926287221725,357.2592680594282,393.48848993679917,661.9446391039442,395.4773927013464,676.1819111976532,748.7124169219319,1509.1874198690107,1452.1886812288085
1981-06-30,390.3779610006204,330.1465997900968,348.041978943495,389.3962096414565,668.1669187115212,408.88407631392204,690.4493495239236,771.9973730882039,1510.8475260308667,1457.2713416131094
1981-07-31,387.87954205021646,331.92939142896336,347.51991597507975,387.9943832867472,656.0062807909716,410.02895172760094,684.4424401830654,790.0621116184678,1511.9051192990883,1450.7136205758504
1981-08-31,352.23341213580153,306.6363718020763,323.7843057139818,367.741076479179,619.0075265543608,385.8372435756725,651.6576472982965,751.3490681491629,1452.9408196464237,1395.8766457180832
1981-09-30,322.7866988812485,286.5516894490403,303.062110148287,353.5094968194348,584.0336013040394,357.13095265364245,616.1423055205394,697.5524748696829,1373.174368647835,1382.0574669254743
1981-10-31,351.3856004021271,309.76237629441255,329.5800447862621,368.03873713871354,624.4487265142789,388.1299193439786,657.3622257598635,725.8731053493921,1406.267870932248,1444.9410816705836
1981-11-30,354.47779368566586,321.8121327322652,342.92803660010566,388.13365218648727,653.4231474245414,415.99764755287634,687.4036794770893,761.2957128904424,1497.3940289686575,1482.5095497940188
1981-12-31,343.4180865226731,313.0588427219476,335.3493269912433,380.52623260363214,635.1926416113967,399.1913425917401,665.4067617338225,745.0039846345869,1443.9370621344767,1459.2341498622525
1982-01-31,333.25291116160196,301.8826420367741,328.07224659553333,382.35275852012956,622.55230804333,380.50918775844667,639.921682759417,727.0493886048934,1421.8448250838192,1428.0065390552004
1982-02-28,305.6595701174213,283.49798913673453,309.1096707423115,360.86453349129823,591.362437410359,360.53245540112823,621.3639539593939,710.8361872390043,1402.6499199451878,1365.031450682866
1982-03-31,296.88714045505134,274.6812016745821,308.89329397279187,358.2663088501609,587.8733990296379,354.69182962363,625.4028196601299,712.4711104696539,1408.2605196249683,1380.592809220651
1982-04-30,311.64243133566737,291.46422309689905,323.0406068367458,381.1236993548012,617.3258563210228,371.61062989667715,650.2313116006371,732.99027845118,1462.1968975266047,1389.290543918741
1982-05-31,297.46270070989453,280.53431473076535,310.7327597162658,369.8805502238346,586.7064938475,361.5399818264772,642.0383970744692,703.1575741182169,1463.3666550446258,1376.6479999690803
1982-06-30,285.5939389515697,271.86580440558464,305.97854849260693,366.69957749190957,583.9489733264168,351.88686431171027,636.3242553405064,696.6885244363293,1448.293978497666,1318.0027951703976
1982-07-31,280.2818916870705,268.71216107447987,298.08430194149764,364.0226705762186,589.5548834703503,343.2304474496422,610.2349608715456,662.5507867389491,1443.8042671643234,1246.435243392645
1982-08-31,311.50529442101015,302.65050701818666,337.1929623562221,402.7546827255283,646.9185736320154,386.0312842466126,678.0320650243743,752.5914386567723,1618.5045834912066,1414.4547142019735
1982-09-30,317.14354025003047,305.46515673345584,345.25187415653585,410.56812357040354,667.8787354176927,399.0019353972988,692.2029351833837,763.4287553734298,1631.7763210758346,1429.4479341725141
1982-10-31,365.6665019082851,348.1691856447929,398.21351165214844,461.1090595819202,754.2354559072004,448.39837499948436,746.2639844212059,837.7103732712644,1777.4939465479065,1546.8056095680777
1982-11-30,403.5129848557926,374.00333921963653,430.58827014946803,482.7350744763122,802.7327957220333,472.5670474119566,766.2638592036942,851.5325944302402,1834.01825404813,1559.1800544446223
1982-12-31,398.34801864963845,374.93834756768564,434.6357998888731,479.2593819400828,832.5141824433207,479.5610397136535,778.5240809509534,864.0501235683647,1842.821541667561,1623.262354682296
1983-01-31,422.88625659845616,384.7992261087158,438.0694227079952,483.76442013031965,872.8911202918217,489.2961288198407,815.4261223880287,899.0441535728835,2008.8597625718085,1691.1147211080163
1983-02-28,437.5604097024226,398.03631948685563,459.09675499797896,503.889020007741,899.6015885727514,514.0545129381246,833.9362953662368,932.2188828397227,2020.1093772422105,1736.0983726894895
1983-03-31,449.6808330511797,408.2658528976678,480.8579411848832,515.6800230759222,927.4892378185067,540.9909694160824,874.7991738391823,966.1516501750885,2055.057269468501,1831.5837831874112
1983-04-30,475.0428320352663,429.2915443218977,517.9320884502376,545.8473044258636,1014.9514729447919,583.7833550968945,940.409111877121,1041.4148637237279,2186.3754289875383,1994.9610566477284
1983-05-31,488.8665784474925,436.4177839576412,523.9401006762605,542.899728981964,998.9152396722641,594.8168605082258,950.0953257294552,1049.7461826335177,2202.1173320762487,2023.488999757791
1983-06-30,514.3365271846069,460.8135380808734,550.6086518006821,559.783910553303,1050.1595914674513,608.7355750441184,972.4225658840975,1077.249532618516,2221.0555411321043,2098.560441648805
1983-07-31,481.83045866653964,432.5195868427078,527.5932101554137,529.5555793834246,1027.5811602509011,592.5432087479448,955.0162019547722,1047.517445518245,2236.3808243659155,2066.872178979908
1983-08-31,465.6891383012106,426.55081654427835,514.6144171855905,526.1664236753708,1032.9245822842058,591.0025964052002,955.4937100557495,1071.8198502542684,2318.6796387025806,2179.930087170109
1983-09-30,465.92198287036115,437.34255220284865,525.1125512961765,544.3717819345386,1072.0724239527772,607.018766767781,979.2855034361377,1090.6838796187437,2336.5334719205907,2170.3383947865605
1983-10-31,420.40140514392687,418.4930882029058,519.0212457011409,531.7967937718507,1063.3886373187597,608.8398230680843,952.8447948433619,1073.2329375448437,2321.8133110474914,2151.02238307296
1983-11-30,453.86535699338356,429.8761002020249,538.7959551623544,552.9091264845933,1056.157594584992,621.1383874940597,996.770939885641,1104.356692733644,2376.143742526003,2152.958303217725
1983-12-31,443.063361496941,422.13833039838835,520.3691334958019,548.2646898221227,1075.5908943253557,619.2749723315775,989.0958036485216,1092.6505117906675,2326.007109558704,2164.3689822247793
1984-01-31,410.764042443814,401.53797987494704,503.9775057906842,529.1850786163128,1033.3201721783694,610.7289777134016,983.0623192462657,1105.8715829833345,2420.675598917743,2299.4256067156057
1984-02-29,381.7230246430363,380.97923530534973,484.72556506948,502.19663960688086,990.6440490674025,583.7347568984693,933.1227534285555,1059.8673251312277,2382.9130595746265,2310.6927921885117
1984-03-31,385.2348764697523,386.9225113761132,493.01437223216806,519.1708860255935,1020.0661773247045,583.7931303741591,950.5721489176693,1068.664223929817,2365.2795029337744,2308.613168675542
1984-04-30,382.61527930975797,385.9938973488106,491.23952049213227,521.5071550127087,1024.554468504933,587.5877857215912,946.5797458922152,1072.5114151359644,2407.3814780859957,2385.259125875569
1984-05-31,355.44959447876516,358.51113185757526,464.0739750089174,498.5086894766482,988.3876957667089,552.5675536925843,897.8308889787661,1025.85716857755,2304.104812676106,2295.573382742648
1984-06-30,372.191270378715,374.4290261120516,490.47978418692475,510.0740910725065,1009.6380312256933,572.7362694023636,924.9453818259248,1034.5769545104592,2330.1411970593463,2370.4090750200585
1984-07-31,354.21443201942304,359.4518650675695,488.4197690933397,499.92361666016365,1014.9891127911897,566.3216231850572,908.9438267203363,1009.8505652976592,2279.8101472028643,2332.2454889122355
1984-08-31,404.90251724140245,406.71978532395485,537.5059558872204,551.1157950061645,1132.220355318572,623.9165322629774,1002.2014633418428,1134.6680951684498,2552.931402837767,2563.8374659612205
1984-09-30,384.17150835864265,398.2600137892166,523.9070552032737,542.2979422860658,1117.275046628367,629.9685226259284,1008.9162131462331,1138.9798339300899,2625.6899478186438,2670.7494882918036
1984-10-31,375.60448372224494,394.1977616485666,525.9502927185665,555.2588631067028,1125.9897919920681,634.5042959888351,1020.5187495974147,1148.4333665517097,2598.38277236133,2691.3142593516504
1984-11-30,358.7022819547439,384.1062989503633,520.1122444693904,548.7068085220437,1106.1723716530078,629.9358650577155,1014.7017927247095,1142.691199718951,2603.3196996288166,2705.039962074344
1984-12-31,361.8947322641411,396.5897536662501,538.2121505769251,565.3874955011138,1122.4331055163068,648.2040051443893,1045.650197402813,1174.3437459511663,2663.977048630168,2775.371001088277
1985-01-31,412.88570004015855,441.32507787980313,584.2292894512522,623.2831750404279,1233.2172530307662,703.3013455816623,1132.7528588464675,1277.9208643440593,2829.143625645239,2893.6018057346373
1985-02-28,415.3630142403995,446.00312370532896,590.3052740615451,633.0687208885626,1240.739878274254,722.2904819123671,1158.6928993140514,1328.6543226585184,2930.9927961684675,2930.0611884868936
1985-03-31,402.77751490891535,429.4118075034907,592.3123119933545,629.2070016911423,1203.7658299016812,733.2692972374351,1164.7181023904845,1338.087768349394,2986.0954607364347,2980.4582409288687
1985-04-30,394.0775205868828,420.78063017267056,586.3299576422215,623.2295351750765,1193.533820347517,733.7825857455014,1155.7497730020777,1331.664947061317,3038.053521753249,3022.7807479500584
1985-05-31,414.2542896409312,443.46070613897757,621.8029200795759,670.5949798483823,1255.9556391516921,791.8247882779705,1241.8531310907326,1401.7105232767422,3199.0703584061707,3164.246886954121
1985-06-30,419.76387169315564,452.4186124029849,637.0370916215255,684.409236433259,1251.5597944146614,801.1683207796505,1269.546455914056,1438.7156810912481,3265.2911148251783,3225.3168518723355
1985-07-31,418.7564384010921,459.25013345026986,638.3748695139307,677.2913803743531,1271.334439166413,790.5928989453591,1262.4369957609372,1431.3782311176828,3217.291335437248,3185.645454594306
1985-08-31,407.9106466465038,450.5703059280598,632.5018207144026,674.0403817485562,1257.476893779499,789.9604246262029,1251.8325249965453,1442.1135678510655,3262.0116849998262,3200.9365527763584
1985-09-30,384.9860683049702,431.015554650782,609.2257537121126,643.1693322644725,1223.9022607155866,772.9762754967395,1197.3778101591956,1389.1879999109315,3159.9107192593315,3074.1794652864146
1985-10-31,406.16030206174355,449.4630203898355,626.101307089938,674.1057771463936,1281.0584962910043,813.3256370776694,1246.7097759377546,1469.0663099058104,3339.7096391851874,3214.362048903475
1985-11-30,443.16150557956837,491.1282423799732,686.895744008371,730.1913778049735,1371.116908580262,867.899787325581,1350.4360292957756,1533.411414279685,3491.332456804195,3390.187652978495
1985-12-31,465.23094855743085,512.6396593962161,724.2628724824265,760.640358259441,1455.166375076232,908.8646572873482,1424.7100109070432,1575.5802281723763,3654.3776825369505,3511.556370955125
1986-01-31,477.97827654790456,521.4057975718913,736.5753413146276,780.7973277533162,1435.8126622877182,928.1325880218402,1417.0165768481452,1554.4674531148664,3656.2048713782187,3609.1776380676774
1986-02-28,516.3599321547013,569.6879744270484,799.6261905311596,841.1529611886474,1530.1455542000215,1013.0567198258385,1548.515715179653,1664.2128553047762,3903.364320683387,3865.4292503704824
1986-03-31,551.9887674733757,593.899713340198,853.9208088682254,891.9586000444417,1595.7887984752024,1078.19626691064,1650.7177523815103,1736.2732719394728,4093.458163100668,4081.89328839123
1986-04-30,547.5176584568413,599.1854207889257,865.0217793835124,888.9259408042906,1607.5976355839189,1059.3278322397036,1657.3206233910362,1718.736911892884,4021.8226452464064,3924.7403967881673
1986-05-31,584.2013415734497,631.6013520536065,911.9924620040371,942.6170676288697,1673.1876191157426,1120.6629137263826,1740.352386622927,1813.439315738182,4247.044713380205,4080.1601165009793
1986-06-30,589.2838932451386,641.4543331456429,942.5442094811723,960.3382685002923,1668.6700125441298,1144.5330337887547,1759.844333353104,1864.9409923051462,4333.259721061823,4183.388167448455
1986-07-31,539.8429746018716,593.9867124928653,890.4215146968635,899.8369575847739,1530.504135505476,1067.048147401256,1639.470980951752,1771.1344603921973,4302.060251070177,4088.0069172306294
1986-08-31,575.0947208433737,622.7950680487693,931.2028200699799,949.6879250349704,1605.1927373181431,1136.0861625381174,1733.7405623564778,1903.969544921612,4730.545452076767,4487.813993735785
1986-09-30,522.2435159978677,568.7364561421361,832.8678022705901,842.4681582985222,1480.950819449719,1036.1105802347631,1609.084615923047,1788.208196590378,4396.095888614939,4163.345041988687
1986-10-31,548.61681355576,606.2161886019029,893.6671518363431,904.7265551967831,1509.2369801012082,1085.636665969985,1719.1460036521835,1925.9002277278369,4556.992998138246,4337.789199248013
1986-11-30,559.8085965522974,611.7327559181804,912.7022621704573,915.3118558925854,1555.117784296285,1095.841650630103,1732.899171681401,1966.5367225328944,4629.9048861084575,4417.604520514176
1986-12-31,545.1416113226273,599.8651404533676,904.5792120371402,888.4016873293435,1508.6197625458262,1047.1862813421264,1675.5402090987466,1912.4569626632397,4515.083244932967,4269.614769076951
1987-01-31,627.676051276873,688.105302614058,1032.6676284615992,1010.0238783247306,1684.2231029061604,1184.9959959667503,1866.3842389150939,2145.0117293230896,5070.889992384216,4771.294504443493
1987-02-28,681.0912832405348,758.0168013596463,1094.8342196949875,1081.7355736857864,1802.4555647301731,1254.4367613304019,1970.1552025987735,2143.724722285496,5041.4788304283875,4750.777938074386
1987-03-31,692.5336167989758,758.471611440462,1113.6653682737415,1096.0144832584388,1850.7613738649418,1274.3823058355551,1985.128382138524,2221.541929704459,5168.019949072139,4902.32775429896
1987-04-30,683.8769465889886,731.3183277508933,1087.939698266618,1063.9012588989667,1864.4570080315425,1236.91546604399,1952.1752509950247,2191.551113653449,5035.201836380986,4869.482158345157
1987-05-31,687.0911682379567,745.6521669748109,1095.664070124311,1084.6473334474967,1874.1521844733068,1238.8945307896604,1946.3187252420398,2199.879007885332,5041.244078584643,4882.629760172687
1987-06-30,716.8422158226603,768.76738415103,1153.4055666198622,1132.6972103192209,1958.8638632115,1302.4498202191699,2056.0911013456907,2323.7321960292766,5281.2072967252725,5098.930258548338
1987-07-31,756.9853799087292,805.5144651134492,1221.6871761637578,1194.9955568867779,2034.0842355588215,1338.2671902751972,2169.3817210298384,2381.3607544908023,5360.953526905823,5300.847896786852
1987-08-31,794.3804576762205,835.0768459831128,1281.0611729253164,1241.0028858269188,2118.9055481816245,1420.9721026342045,2267.8716511645935,2442.085453730318,5578.072144745509,5504.400456023468
1987-09-30,770.3107298086311,807.1017716426786,1274.7839731779823,1222.2637422509322,2072.0777355668106,1355.3231914925043,2221.607069480836,2357.833505576622,5492.169833716429,5417.981368863899
1987-10-31,570.492126496272,615.1729703460495,992.0368879271059,933.3205935828119,1557.5808338255715,1038.8552262790045,1701.5288545153724,1884.8521043579517,4681.525566259885,4417.822008171624
1987-11-30,524.6816087386213,567.6200997382999,896.5037356197255,858.7482781555453,1456.0265634601442,957.7206331066142,1602.3297222971262,1750.085178896358,4299.9812326097035,4145.684172468251
1987-12-31,560.989576063334,619.9546729341712,989.471173003491,920.5781541827447,1566.9757875958073,1030.0285409061635,1733.560526553261,1879.941499170468,4490.040403091053,4340.116760157012
1988-01-31,571.4800811357183,633.2836984022559,1004.1153463639425,965.5023681068625,1654.4130365436533,1053.4101887847332,1770.3120097161905,2009.845456763147,4843.406582814319,4707.290638066295
1988-02-29,612.3980549450357,669.507525950865,1049.2001254156835,1004.6052140151904,1744.0822231243192,1126.7275379241505,1901.6691608371318,2086.6215532114993,4951.414549611079,4882.4018498023615
1988-03-31,600.884971512069,662.9463521965464,1017.7241216532129,980.5951494002272,1709.0261704395202,1086.0526738050887,1874.6654587532444,2043.4284870600213,4814.260366586852,4836.507272414219
1988-04-30,605.6920512841656,659.3664418946851,1010.2947355651445,983.4388753334878,1709.538878290652,1104.8413850619168,1868.4790627393586,2090.0186565649897,4920.655520688422,4940.4921787711255
1988-05-31,606.7217277713487,662.3995275274007,1003.929878731084,993.4699518618894,1704.0683538801222,1095.671201565903,1855.212861393909,2119.6969214882124,5045.148105361839,5013.11741379906
1988-06-30,650.2843478253317,689.0942284867549,1050.211046140587,1049.5016571469,1805.4604209359898,1180.2570183267906,1957.4350900567133,2195.5820712774903,5237.872762986662,5257.757543592455
1988-07-31,641.6355659992547,674.4854308428356,1031.9373739377409,1038.7967402440015,1786.322540474068,1179.78491551946,1977.2051844662863,2191.849581756319,5191.25569539608,5264.592628399125
1988-08-31,623.8622608210754,649.1247786431451,1011.6082076711674,1016.047091632658,1715.2269033632003,1157.7229375992458,1949.9197529206513,2112.7238118549153,5095.736590600793,5097.178582816033
1988-09-30,651.7489038797775,685.6705036807542,1051.7690535157128,1059.1274883178826,1789.8392736594997,1217.345668885607,1988.9181479790643,2168.2884481066994,5321.477721564408,5277.618704647721
1988-10-31,645.4269395121435,685.8762048318583,1086.6877860924342,1087.512105004802,1843.176484014553,1272.6131622530138,2006.0228440516842,2226.83223620558,5403.4284784765,5485.029119740377
1988-11-30,634.3255961525347,676.4797008256618,1063.9760113631023,1052.7117176446484,1797.0970719141892,1255.1783619301475,1971.519251133995,2214.1392924592083,5323.998079842895,5440.0518809585055
1988-12-31,649.8031406986564,692.9858055258079,1090.5754116471799,1071.7657997340164,1849.7520161212751,1292.833712788052,1989.8543801695414,2254.8794554404576,5411.844048160303,5485.748316758556
1989-01-31,697.6286518540775,729.4368588964654,1173.4591429323655,1134.0353926985626,1964.9915667256305,1374.411520064978,2113.4243371780703,2415.6523606133624,5774.4375993870435,5899.373739842151
1989-02-28,687.5827992673787,712.8786421995156,1146.7042744735074,1108.632999902115,1920.3862581609585,1374.411520064978,2078.76417804835,2371.2043571780764,5693.595472995625,5752.479333720081
1989-03-31,709.9292402435685,721.0767465848102,1178.582653303871,1150.6501905984053,1903.1027818375098,1419.3547767711027,2095.6021678905418,2476.722951072501,5833.088562084018,5782.9674741887975
1989-04-30,752.4540017341584,772.4174109416485,1234.8010458664658,1216.1221864434544,1994.0710948093429,1484.5031610248964,2151.973866206797,2612.695041086381,6181.907258096643,5953.565014677368
1989-05-31,788.5717938173981,815.750027695475,1285.5513688515773,1267.9289915859456,2048.509235697638,1547.5945453684544,2239.5592025614137,2699.436516450449,6437.220027856033,6164.321216196948
1989-06-30,776.0335022957014,797.3956520723268,1280.5377185130562,1253.728186880183,2045.8461736912313,1543.4160400959597,2246.9497479298666,2674.8716441507495,6415.333479761322,6269.114676872295
1989-07-31,834.7792384194861,876.4175611926944,1411.664780888793,1382.7368173101538,2211.150544525483,1651.4551629026769,2375.924663461041,2879.231837763867,6842.594689513426,6721.117845074787
1989-08-31,850.8069997971402,887.1974971953646,1418.2996053589702,1403.3395958880749,2258.2480511238755,1685.9705758073428,2414.652235475456,2901.4019229146493,7020.5021514407745,7233.267024869485
1989-09-30,850.8069997971402,899.4408226566608,1430.3551520045214,1411.8999674229922,2206.082521142914,1675.5175582373372,2386.8837347674885,2902.8526238761065,7092.813323600614,7046.648735627852
1989-10-31,825.1126284032665,885.0497694941541,1415.1933873932735,1376.0377082504483,2136.5909217269123,1603.8054067447792,2334.133604229127,2797.188788367016,7000.606750393807,6524.4920643178275
1989-11-30,842.9350611767771,900.9806653450489,1450.7147414168444,1434.2441033094422,2156.8885354833183,1637.806081367769,2357.708353631841,2837.7480257983375,7150.419734852236,6469.686330977558
1989-12-31,852.7974013925455,917.1082192547253,1463.9162455637377,1441.2718994156583,2172.6338217923467,1653.3652391407627,2406.0413748812935,2938.204305911599,7499.360217913024,6507.210511697228
1990-01-31,811.6925666454248,838.9705989742228,1337.7266651961436,1350.3276425625304,2049.6627474788997,1538.4563550204798,2247.964456551593,2658.487255988815,6969.155450506572,6023.074049626954
1990-02-28,826.3842021017072,848.1153785030417,1344.415298522124,1363.2907879311308,2083.6871490870494,1571.379321017918,2293.822931465245,2701.820598261432,7057.663724728006,6254.962400537592
1990-03-31,846.8785303138294,887.0438743763312,1380.1767454628125,1395.3281214475123,2169.118322199618,1603.906872962989,2324.5601587468796,2762.341379662488,7131.0634274651775,6398.826535749956
1990-04-30,829.0940811772389,880.8345672556969,1361.2683240499719,1355.4217371741138,2159.35728974972,1533.174579865321,2254.823353984473,2658.2011096492124,6875.058250419177,6057.129198740909
1990-05-31,922.9475311665024,993.4933084077004,1497.5312832873742,1493.9458387133081,2364.280296546968,1675.1465459608496,2446.0323744023563,2849.857409654921,7321.937036696423,6514.442453245846
1990-06-30,944.3599138895653,1002.3353988525289,1528.6799339797515,1491.1073416197528,2390.760235868295,1627.7398987101578,2426.4641154071373,2771.771316630376,7146.210547815708,6357.444390122621
1990-07-31,932.5554149659458,1008.2491777057587,1482.9724039537568,1488.8706806073233,2340.3151948914738,1608.6953418952487,2395.1627283183852,2795.054195690071,6883.944620710872,6359.3516234396575
1990-08-31,850.1175162829561,916.5993274523054,1331.2643270292874,1359.934479666729,2105.815612363348,1468.5779776161726,2173.6101759489347,2560.828654091243,6139.1018127499565,5696.071249114901
1990-09-30,788.824043358955,858.5785900245744,1239.9395941950781,1257.5314133478244,2055.0654561053916,1405.5759823764386,2165.5678182979236,2446.871778984183,5785.489548335559,5296.776654551946
1990-10-31,775.4929170261886,852.6543977534049,1231.0120291168737,1243.0698020943246,2004.9218589764198,1390.2552041685353,2177.4784412985623,2485.5323530921332,5832.352013677078,5098.147530006248
1990-11-30,852.8095608536995,917.5413974224391,1321.9838180686106,1339.2834047764252,2155.6919827714464,1435.8555748652632,2280.0376758837247,2640.6295719250825,6174.711076879922,5334.191760645537
1990-12-31,881.6345240105546,943.9665896682053,1374.2021788823208,1384.9529688793014,2229.8477869787844,1457.2498229307555,2331.5665273586965,2754.4407064750535,6359.9524091863195,5447.276625971223
1991-01-31,940.5277102144597,990.6929358567816,1431.2315693059372,1463.6182975116456,2414.033214183232,1500.3844176895059,2337.628600329829,2835.145819174773,6817.868982647735,5819.325619525059
1991-02-28,1024.7049402786538,1066.0846682754827,1558.0386863464432,1585.830425353868,2591.2232521042806,1605.2612884860025,2446.328330245166,3015.461093274289,7214.668957437834,6256.35697355139
1991-03-31,1063.336316527159,1110.9668328098803,1636.8754438755734,1654.6554658142259,2615.580750674061,1649.8875523059135,2517.2718518222755,3066.7239318599513,7275.2721766803115,6296.397658182119
1991-04-30,1065.4629891602133,1096.746457349914,1618.5424389041668,1662.7632775967154,2573.2083425131414,1683.3802696177233,2543.199751896045,3100.764567503597,7382.94620489518,6423.584890877398
1991-05-31,1127.5794814282538,1136.009980523041,1686.3593670942514,1739.7492173494434,2700.8394763017936,1721.2563256841222,2560.493510208938,3203.709951144716,7710.010721772036,6945.179984016641
1991-06-30,1084.5059452376945,1065.0093567403508,1620.0854439674472,1667.5496248294414,2537.7087719331653,1670.9956409741458,2505.186850388425,3083.570827976789,7346.869216776574,6621.534596761467
1991-07-31,1169.4227607498058,1119.6443367411307,1706.5980066753089,1715.5750540245294,2613.07872245958,1733.6579775106763,2602.889137553573,3217.3978019109827,7681.8864530615865,7023.4617467848875
1991-08-31,1218.304632149148,1143.6047255473911,1763.9396996995995,1778.365101001827,2688.335389666416,1764.1703579148643,2626.315139791555,3279.8153192680556,7894.674707811393,7435.036605146482
1991-09-30,1201.00470637263,1110.0971070888525,1726.8969660059079,1744.9318371029929,2661.9897028476853,1774.578963026562,2651.265133619575,3223.7304773085716,7795.201806492971,7325.741567050828
1991-10-31,1234.5127376804264,1128.3026996451094,1727.7604144889108,1774.770171517454,2654.269932709427,1809.0057949092775,2654.181525266557,3313.35018457775,8052.443466107237,7532.327479241661
1991-11-30,1233.895481311586,1088.3607840776726,1683.5297478779946,1702.7145025538453,2545.1794384750697,1744.0624868720342,2521.472449003229,3143.3753201089116,7525.813663423824,7013.35011592191
1991-12-31,1418.979803508324,1233.9834569872653,1910.9746168163117,1941.6053472621495,2802.7515976487466,1896.1447357272752,2681.8380967598346,3416.2202978943646,8224.209171389555,7476.231223572758
1992-01-31,1368.0384285623752,1231.762286764688,1897.2155995752341,1891.511929302786,2855.4433276845425,1857.273768644866,2661.4561272244596,3416.903541953943,8623.905737119087,7983.867323653348
1992-02-29,1380.8979897908616,1233.2404015088057,1891.5239527765084,1936.9082156060529,2887.42429295461,1855.9736770068146,2696.0550568783774,3489.6835873975624,8939.540687097644,8360.705861329785
1992-03-31,1333.2570091430769,1193.653384620373,1861.0704171368066,1890.4224184315076,2816.104912918631,1805.4911929922291,2666.1288457470273,3530.1639170113745,8767.00755183666,8112.392897248292
1992-04-30,1303.2587264373576,1203.680073051184,1855.3010988436824,1908.192389164764,2892.98457704131,1903.1682665331086,2817.831577070033,3676.3127031756453,8968.648725528903,8277.074473062432
1992-05-31,1325.805102404724,1202.3560249708278,1872.5553990629287,1925.5569399061635,2915.260558284528,1914.7775929589607,2829.948252851434,3670.0629715802465,9008.11077992123,8262.17573901092
1992-06-30,1279.7996653512803,1152.4582499345383,1854.5788672319243,1900.9098110753644,2862.7858682354067,1916.1179372740316,2799.9508013712084,3597.7627310401153,8808.130720606978,8054.795127961745
1992-07-31,1319.9853748433104,1204.434117006586,1891.855902463286,2022.1878570219728,2958.689194821293,1966.511839024339,2941.6283119205914,3794.9201287011138,9285.531405663876,8331.074600850834
1992-08-31,1292.9256746590227,1200.098154185362,1856.4781970872225,1990.6417264524305,2840.045758108959,1927.9682069794621,2900.739678384895,3771.0121318902966,9204.7472824346,8175.283505814921
1992-09-30,1286.0731685833298,1208.0188020029855,1891.0086915530449,2050.3609782460035,2892.5866046339747,1988.8920023200133,2932.35774087929,3827.9544150818397,9364.909885148963,8310.99321201145
1992-10-31,1307.036161231238,1237.736064532259,1949.8190618603444,2058.3573860611627,2948.992043424337,2008.3831439427495,2957.8692532249397,3794.2684162291193,9338.688137470544,8435.65811019162
1992-11-30,1370.4274150509532,1294.3006026813832,2061.738676011128,2138.221652640336,3108.2376137692518,2103.9821815944247,2998.096275068799,3829.175685658428,9610.443962270938,8940.954030992098
1992-12-31,1349.3228328591686,1312.9385313599953,2081.1190195656327,2154.6859593656663,3175.0647224652907,2156.581736134285,3068.551537532916,3973.9185265763167,10065.979006082582,9196.665316278471
1993-01-31,1355.2598533237488,1300.9907907246193,2065.5106269188905,2155.3323651534756,3204.9103308564645,2161.973190474621,3121.944334285989,4047.436019317978,10281.39095681275,9629.828252675188
1993-02-28,1314.0599537827068,1288.1109818964455,2050.6389504050744,2131.192642663757,3238.2413982973717,2172.7830564269934,3225.592886184283,4238.879743031718,10619.648719291888,9908.1302891775
1993-03-31,1326.9377413297773,1321.8594896221325,2093.0871766784594,2161.6686974538484,3320.816553953955,2252.7414729035067,3314.941809131588,4369.013351142792,10877.70618317068,10258.878101414384
1993-04-30,1247.5868643982567,1287.491142891957,2029.2480177897667,2039.7505829174513,3193.6292799375183,2200.703144879436,3307.648937151499,4288.18660414665,10805.913322361754,10113.2020323743
1993-05-31,1322.3173175757124,1336.8020536647189,2099.8658488088504,2074.018392710464,3314.029103791163,2245.597489034976,3372.478856319668,4369.662149625436,11016.628632147807,10367.043403386893
1993-06-30,1299.8379231769252,1336.534693253986,2078.447217151,2073.603589031922,3293.8135262580367,2281.976168357343,3358.651693008758,4465.794716917196,11380.177377008686,10536.0262108621
1993-07-31,1284.7598032680728,1334.9308516220813,2003.623117333564,2037.7302469416702,3323.4578479943584,2265.54593994517,3377.124277320306,4508.219766727909,11595.262729434147,10665.619333255703
1993-08-31,1332.809819910299,1370.5735053603908,2101.8006500829083,2101.30743064625,3438.781835319763,2352.5429040390645,3516.261797545903,4667.359924493404,12068.349448795061,11175.435937385326
1993-09-30,1358.2664874705854,1363.7206378335889,2111.048572943273,2098.1554695002806,3427.433855263208,2339.1334094860417,3521.1845640624674,4633.288197044602,12092.48614769265,11422.413071601542
1993-10-31,1406.2132944782968,1400.268350927529,2146.9363986833087,2153.7565894420377,3412.010402914524,2372.3491039007436,3537.3820130571544,4655.064651570711,12225.503495317269,11206.529464548272
1993-11-30,1401.994654594862,1391.8667408219637,2156.168225197647,2125.111626802459,3384.373118650916,2350.0490223240768,3459.913346971203,4482.827259462595,11665.575435231738,10829.990074539452
1993-12-31,1406.0604390931867,1431.9525029576362,2200.5852906367186,2192.9026876974576,3498.088055437587,2397.7550174772555,3530.8415705841126,4459.964840439336,11851.058084651922,11072.581852209134
1994-01-31,1463.7089170960073,1438.3962892209456,2236.454830874097,2265.7070569290127,3658.3004883766293,2504.694891256741,3619.818778162832,4587.073838391856,12065.562235984122,11493.339962593082
1994-02-28,1447.4617481162418,1420.1286563478395,2167.5720220831745,2243.729698476801,3609.64509188122,2455.352401898983,3574.5710434357966,4398.545103633951,11544.329947389608,11233.590479438479
1994-03-31,1361.1930279285136,1354.9447510214736,2080.002112391014,2142.9862350151925,3475.7272589724266,2339.9508390097308,3410.1407754377497,4241.517043434219,11071.012419546634,10829.181222178693
1994-04-30,1362.418101653649,1357.7901349986187,2122.434155483791,2184.774466597989,3497.6243407039524,2385.8138754543215,3438.785957951427,4261.028021834017,11187.258049951874,10994.867694878027
1994-05-31,1363.3717943248066,1366.7515498896094,2176.131739617531,2216.2352189169997,3594.508534941452,2429.712850762681,3428.813478673368,4278.072133921352,11084.335275892316,11114.711752752197
1994-06-30,1323.834012289387,1332.856111452347,2089.0864700328298,2155.0671268748906,3459.7144648811473,2404.200865829673,3322.5202608344935,4249.836857837472,10926.937714974645,10850.181613036695
1994-07-31,1344.7505896835594,1388.43621129991,2172.858837481146,2198.814989550451,3569.733384864368,2465.267567821747,3424.853884868196,4396.456229432864,11388.054486546574,11065.015208974823
1994-08-31,1451.3893114454654,1465.077890163665,2230.0050249069004,2310.5147910196138,3753.217680846396,2537.253380802142,3546.7786831695043,4523.953460086417,11463.215646157782,11494.337799083045
1994-09-30,1444.2775038193827,1466.8359836318614,2175.3699017966815,2268.9255247812607,3668.394961259268,2437.5393229366177,3482.2273111358195,4383.710902823738,11044.808275073025,11239.1634999434
1994-10-31,1488.9056786874016,1500.8665784521206,2216.701929930818,2301.598052338111,3772.5773781590306,2430.226704967808,3486.057761178069,4516.537343179297,11293.316461262166,11420.11403229249
1994-11-30,1440.2184629943238,1474.6014133292085,2151.530893190852,2211.145248881223,3625.4468604108283,2330.5874100641277,3304.434151820691,4392.784219976184,10912.731696517632,10866.238501726304
1994-12-31,1456.924997165058,1470.6199895132195,2240.819425258273,2259.569329831722,3704.8441466538256,2387.919860351705,3338.8002669996263,4406.401851058112,10913.822969687284,10922.742941935281
1995-01-31,1459.547462159955,1503.5618772783157,2314.9905482343215,2331.649591453354,3785.239264636214,2395.3224119187953,3420.600873541117,4609.977616576996,11225.958306620341,11105.1527490656
1995-02-28,1504.5015239944817,1554.6829811057783,2417.3131304662784,2417.221131459692,3905.9883971781096,2550.2997719699415,3545.110745338013,4822.958582462854,11672.75144722383,11596.0005005743
1995-03-31,1547.0789171235256,1625.4210567460912,2465.6593930756044,2474.750994388433,3992.310740755746,2619.667925767524,3636.574602567734,4926.652191985805,11961.068407970259,11733.992906531133
1995-04-30,1570.130392988666,1624.4458041120436,2508.068734636505,2553.200600910546,4162.38317831194,2679.6583212676005,3710.397066999859,5144.902884090777,12350.99923807009,12157.590050456907
1995-05-31,1598.2357270231632,1691.048082080637,2569.2656117616357,2621.6263770149485,4324.716122266106,2796.759389906995,3849.165917305654,5401.119047718497,12985.84059890689,12680.366422626554
1995-06-30,1687.7369277364603,1766.6379313496413,2628.615647393329,2703.6832826155164,4422.887178241546,2830.0408266468876,3969.2598939255904,5515.62277153013,13088.428739638255,13157.148200117314
1995-07-31,1789.6762381717426,1836.950121017357,2729.817349817972,2809.667667294045,4569.727032559165,2905.319912635695,4083.5745788706467,5740.108618331406,13694.422990283505,13765.008446962733
1995-08-31,1813.8368673870611,1827.949065424372,2725.7226237932455,2836.3595101333385,4623.192838840108,2918.1033202512917,4108.892741259645,5864.094964487365,14032.675238143505,14081.603641242877
1995-09-30,1875.1445535047442,1883.7015119198152,2874.5470790523564,2931.0939177717923,4904.282963441587,3022.5714191162883,4225.585295111418,6001.901196152819,14714.66325471728,14494.194627931292
1995-10-31,1874.206981227992,1852.2436966707542,2851.838157127843,2937.8354337826677,4836.603858546093,3012.2946762912934,4236.571816878708,5920.27533988514,14591.060083377655,14007.189688432803
1995-11-30,1951.2368881564623,1943.188862177288,3010.9707262955767,2998.35484371859,5082.303334560234,3141.522117904189,4345.87536975418,6240.562235772926,15177.620698729439,14788.790873047352
1995-12-31,1950.6515170900154,1942.0229488599816,3019.1003472565744,3043.9298373431134,5212.918530258433,3275.6651123386982,4422.797363798829,6297.35135211846,15740.710426652298,15025.41152701611
1996-01-31,1982.0570065151646,1980.4750032474094,3143.487281563545,3146.8146658453106,5344.284077220945,3350.0227103887864,4533.367297893799,6598.994481884935,16003.580290777392,15564.82380083599
1996-02-29,2065.501606489453,2010.3801757964452,3158.5760205150495,3253.8063644840513,5342.680791997778,3364.7628103144975,4584.14101163021,6901.888328603453,15965.171698079526,15843.434146870954
1996-03-31,2077.274965646443,2040.5358784333916,3170.578609393007,3310.7479758625223,5446.328799362535,3396.3915807314543,4707.454404843063,6857.026054467532,15995.505524305878,16429.641210305177
1996-04-30,2161.404601755124,2106.8532944824765,3207.674379122905,3383.2533565339118,5506.78304903546,3430.355496538769,4863.741891083852,6860.454567494766,16333.01069086873,16705.6591826383
1996-05-31,2242.4572743209415,2176.8008238592947,3323.1506567713295,3446.181868965443,5651.611443225093,3478.7235090399654,4970.744212687697,7023.047340744392,16564.939442679064,17074.854250574608
1996-06-30,2196.9353916522264,2156.5565761974035,3316.504355457787,3439.6341234144084,5725.082391987018,3509.3362759195165,4943.902193939183,7030.070388085136,16720.64987344025,16536.996341681508
1996-07-31,2008.2186415093001,2065.7655443394924,3134.7599167787007,3290.3540024582226,5502.376686938723,3354.9254797790572,4771.360007370706,6727.074354358666,16003.333993869659,15916.858978868453
1996-08-31,2091.3588932677853,2143.02517569779,3222.8466704401826,3409.793852747456,5654.792521166926,3377.067987945599,4888.258327551288,6887.851431427839,16675.474021612186,16477.13241492462
1996-09-30,2232.1073467847073,2288.107980092531,3396.2358213098646,3643.7057110459314,5917.174894149071,3512.1507074634233,5126.316508103035,7178.518761834094,17284.12882340103,16836.33390156998
1996-10-31,2172.733291360234,2304.124735953178,3442.4246284796786,3751.5594000928913,6168.654827150406,3590.471668239857,5324.192325315812,7534.573292421066,17690.305850750956,17321.220317935193
1996-11-30,2295.9272689803593,2464.4918175755192,3654.1337431311795,4059.187270900509,6538.157251296717,3886.3265337028215,5772.489319107403,7994.182263258752,19280.664346733472,18554.491204572176
1996-12-31,2296.386454434155,2397.7040893192225,3539.759356971174,3984.4982251159395,6464.929890082193,3876.2220847151943,5795.002027451923,7915.0398588524895,18983.742115793775,18409.76617317651
1997-01-31,2397.8867357201448,2583.28638583253,3757.808533360598,4173.363440986435,6824.379991970764,4058.0169004883364,6237.74018234925,8370.154650736507,19619.697476672867,19032.016269829877
1997-02-28,2330.266329772837,2585.353014941196,3831.08579976113,4231.790529160245,6916.50912186237,4123.756774276248,6172.243910434583,8423.72364050122,19625.58338591587,19332.72212689319
1997-03-31,2170.6430861833974,2411.1002217341593,3700.0626654093,4043.0526715596984,6656.448378880345,3932.8268356272574,6069.784661521369,8140.6865261803805,18936.725409070223,18603.878502709318
1997-04-30,2294.152677787233,2598.9249290072503,3891.7259114775015,4323.236221698785,6874.114240869732,4050.02507532895,6359.920368342091,8320.595698408966,19834.326193460154,19351.754418518234
1997-05-31,2532.285725741548,2787.8667713460777,4133.791263171402,4621.9718446181705,7239.129707059915,4352.966950963555,6644.844800843816,8763.251389564322,21052.153821738604,20450.934069490067
1997-06-30,2587.7427831352884,2982.7386586631687,4366.110332161635,4898.8279581108,7572.129673584672,4473.544135505246,6819.604219106009,9238.219614878708,21961.60686683771,20659.533596998866
1997-07-31,2811.3237595981773,3200.180306879714,4802.284754344582,5246.1548603408555,8161.241362189559,4793.849895607422,7373.356081697416,9591.119604167076,22851.051944944636,22417.65990610347
1997-08-31,2666.2594536029114,3030.8907686457774,4540.560235232802,5038.9317433573915,7794.8016250272485,4662.977793457339,7181.648823573283,9549.877789869157,22375.75006448979,22256.252754779525
1997-09-30,2766.5108090583813,3248.2056367576797,4817.08035355848,5317.080775590719,8151.803539453497,4910.115616510579,7501.232196222294,10275.668501899214,23507.963017752973,23707.36043439115
1997-10-31,2651.4239594015526,3190.062755859717,4632.58617601719,5122.4756192040995,7809.4277907964515,4692.597494699159,7161.4263777334245,10166.746415779082,23115.380035356495,23192.91071296486
1997-11-30,2736.5346684983424,3250.6739482210514,4839.662778085159,5350.425784258682,8176.470896963883,4851.207290019991,7319.693900681334,10806.234765331585,24536.975907530923,23487.46067901951
1997-12-31,2712.179509948707,3345.5936275091053,4915.645483701096,5471.345406982928,8504.347379932135,4944.350469988375,7316.034053730993,11163.92113606406,25189.659466671244,24560.837632050705
1998-01-31,2786.222010570307,3407.152550255273,5060.657025470279,5458.761312546867,8320.6534765256,4822.719448426662,7181.419027142343,11131.545764769475,25252.633615337923,24695.922239026986
1998-02-28,3097.721631352067,3635.0910558673504,5395.166454853865,5921.664271850841,8991.298146733565,5190.210670396774,7723.6161636915895,11364.195071253156,26490.012662489476,26950.65993945015
1998-03-31,3316.1110063623883,3803.395771754009,5505.767367178369,6262.159967482265,9388.713524819188,5346.955032642756,8133.740181983611,12311.968940195668,28357.558555194988,28772.524551356986
1998-04-30,3377.459059980092,3880.22436634344,5602.668872840708,6304.742655261143,9475.089689247525,5534.633154288516,8280.960879277514,11933.99149373166,27952.045467855696,29241.516701544104
1998-05-31,3288.2941407966177,3742.8644237748827,5425.064269571658,6220.889577946171,9215.472231762144,5411.7642982633115,8119.482142131604,11669.056882570818,27515.993558557147,30086.596534218726
1998-06-30,3627.9749255409088,3925.14192121272,5709.88014372417,6416.847599651475,9339.881106890933,5378.752536043906,8077.260834992519,11635.216617611362,27791.15349414272,30703.371763170213
1998-07-31,3590.9695813003914,3792.0796100836087,5677.904814919314,6269.901789619457,9247.416283932713,5350.783022856477,7965.794635469622,10987.13505201041,26771.218160907683,29917.365446033058
1998-08-31,2977.2728798561543,3247.157770114594,4694.491700975288,5229.725082721589,7551.440137459453,4595.787538331429,7162.842536214285,9957.640497637034,24171.732877483548,23939.875829915654
1998-09-30,3239.8683478594676,3368.60147071688,5081.317817135652,5452.511371245529,7754.5738771571105,4878.4284719388115,7752.344476944721,10787.111951090197,25909.680471374617,25069.837969087668
1998-10-31,3377.562752643495,3732.747289701375,5583.8601492503685,5786.750318302878,8586.639654176068,5236.50512177912,8402.766178560383,11154.952468622374,26959.022530465292,27060.383103833225
1998-11-30,3605.5482384469306,3980.601709737546,5891.530843474063,6085.346634727308,9148.205887559181,5657.520133570161,8902.730766184728,11458.367175768903,28156.003130817946,28213.15542405652
1998-12-31,3963.218623700866,4219.437812321798,6381.117056566757,6371.357926559491,9266.217743508694,5910.411283540748,9325.610477578502,11546.596603022324,29270.98085479834,29321.93243222194
1999-01-31,4256.10047999236,4335.89429594188,6522.777855222539,6417.2317036307195,9215.253545919397,6241.39431541903,9346.126820629177,11345.685822129737,27766.452438861706,31327.552610585924
1999-02-28,3958.1734463928947,4286.8986903977375,6370.144853410331,6211.880289114536,8866.916961883644,5906.231440681028,8933.96262783943,11151.67459457132,27444.36159057091,29554.41313282676
1999-03-31,4184.976784871207,4476.379612513318,6496.273721507856,6292.6347328730235,9066.422593526026,5922.178265570867,8881.252248335177,11486.224832408458,27718.805206476616,30411.491113678734
1999-04-30,4208.412654866486,4517.562304948441,6616.454785355751,6817.440469594633,9564.169193910602,6353.905061130982,10136.173191024938,12750.85818645663,31097.727561146115,32452.102167406578
1999-05-31,4119.615147848804,4370.741530037616,6535.734036974411,6714.497118503755,9664.592970446663,6199.5051681455,10437.21753479838,12758.508701368502,31732.121203393497,30991.757569873276
1999-06-30,4417.875284553057,4650.468987960025,6865.135032437921,7100.580702817721,10017.350613867968,6423.307304715553,11194.95952782474,13065.988761071483,31852.70326396639,31094.030369853863
1999-07-31,4222.163409447357,4584.432328330992,6653.688873438833,6886.143165592627,9859.076474168853,6140.681783308068,10992.330760371113,12873.918726283731,31288.910416194183,29604.626315137863
1999-08-31,4318.850951523701,4655.491029420123,6368.245620768307,6645.816769113443,9232.039210411715,5980.409988763727,10549.339830728157,12357.674585359753,29996.678416005365,29317.461439881026
1999-09-30,4248.453681013864,4493.4799415963025,6088.679638016578,6409.2256921330045,9203.419888859438,5975.625660772716,9899.500497155303,12278.58546801345,29540.728904082083,28215.124889741503
1999-10-31,4584.08152181396,4942.827935755933,6312.743048695587,6630.984901080807,9387.488286636628,6149.516367501202,9701.510487212197,12994.427000798634,30102.002753259643,29995.49927028419
1999-11-30,4890.298167471132,5014.993223617969,6296.961191073849,6787.476144746314,9432.548230412483,6136.602383129449,9603.525231291354,12568.20979517244,30707.05300860016,29941.507371597676
1999-12-31,5545.109092095518,5325.421304159922,6291.923622120989,6887.930791688559,9562.717395992177,6269.152994605046,9978.062715311717,12705.20328193982,31373.39605888679,32139.214012672943
