date,SMALL LoVAR,ME1 VAR2,ME1 VAR3,ME1 VAR4,SMALL HiVAR,ME2 VAR1,ME2 VAR2,ME2 VAR3,ME2 VAR4,ME2 VAR5,ME3 VAR1,ME3 VAR2,ME3 VAR3,ME3 VAR4,ME3 VAR5,ME4 VAR1,ME4 VAR2,ME4 VAR3,ME4 VAR4,ME4 VAR5,BIG LoVAR,ME5 VAR2,ME5 VAR3,ME5 VAR4,BIG HiVAR
1985-01-31,107.99669999999999,113.883,115.81680000000001,116.591,116.62919999999998,107.73889999999999,111.46000000000001,114.37459999999999,116.4838,113.473,107.5996,109.12349999999999,112.65190000000001,113.2021,113.7253,107.3255,108.21700000000001,110.58829999999999,111.7837,111.7903,105.8759,108.6223,105.8233,108.5947,109.2429
1985-02-28,111.37030091460001,117.85683340199999,120.28084273919998,120.024138586,122.01128769239997,111.17943403259997,114.80792402000002,116.72945863939998,119.14312515399999,116.63469819900001,109.33475114960001,111.9586376535,115.1465763255,115.5591941262,113.52719052740001,108.4991043425,109.215085391,113.25956038649998,111.4745062858,113.79402933720002,107.4860606872,110.44194076960001,108.5953413435,109.9435547687,111.16644898320003
1985-03-31,113.26548932526377,117.42665596008268,117.25108859144228,117.03541751107002,115.48746615077503,112.26710243574092,115.17094667575127,112.13942286678152,115.56263595687197,112.13994683450514,110.90075279031572,112.14963908933689,112.721589428085,113.48906672262325,108.93160985485086,112.79512637894129,110.31684717242443,111.0603995024753,107.98078378429675,111.66494304830101,107.33515025799517,111.58170159834229,110.13446311636142,109.01662065844508,111.0104824552766
1985-04-30,114.59760474521818,117.62581156859098,117.26996601670552,112.99476972150033,110.84128990006319,115.62950215369135,115.18419133461899,110.93852178730114,113.4283096333845,107.96710727284638,114.55792691508198,113.21506066068558,112.38387554615845,112.05672121151702,105.06508236305292,115.49341139217833,109.76173279745278,111.77640589806776,106.8994642154808,107.73679368174787,107.82653057587626,111.42838834034616,112.14265491682515,107.21185050344452,108.84855330946009
1985-05-31,117.95118905048226,121.13611866323244,121.35705887231975,115.34065413568841,110.20107060960042,119.70278262605942,119.59655215207425,115.88116574849079,119.29890522676993,112.19175221332559,119.89414970871341,118.54986753407775,117.80853283489596,116.22971350943389,110.04474700673217,121.99257213145039,115.94801381965003,119.30544104654982,112.85782655192327,111.69902974298151,113.89112596158584,118.68583070134125,120.20189895507771,116.71317911876078,114.17668999395816
1985-06-30,120.87861961152618,124.21176471609192,123.00824301533655,115.29659400580859,107.32361045491314,123.07301447089611,122.09827282999134,118.36507853630971,120.10882549435446,113.51090283584986,124.94912684873218,123.41076775257753,117.82985617933907,118.54152251113652,110.91674158201353,126.54472496053546,118.5530178461361,121.04014215936665,115.19951359504913,113.0131688279077,115.63525466456157,120.02389475666817,123.36861798304923,119.25740971037064,115.77699048091348
1985-07-31,124.09689198006345,128.3937264105533,126.77807663902757,118.65864268701797,107.83522210595171,126.20793029549877,125.06892380794503,123.46140535776907,121.99165144280397,116.76787117091891,124.95300027166448,124.95451304639454,120.34033909509607,122.00649121413704,113.38929758535976,124.86281902108499,118.04727067200449,122.67285263695436,115.88575709753484,113.17545573834458,115.59975464137955,118.28582873669686,120.68966844354732,118.67483726393549,115.5887370943915
1985-08-31,125.21289532964015,129.1527901210925,125.97874086581851,117.86101929087584,105.87402292151079,128.60335681250734,126.15827413431224,123.60746020030729,121.23091150440663,113.96766085236911,125.87890200367748,125.30526036451577,118.83163226386084,120.11514658733549,110.70514613291913,126.11032344592465,116.25307020506071,121.39447883962464,117.06871890598647,111.97953069755748,114.81113311521607,118.40671685366577,119.63653039670892,118.84501698057196,114.07949495415004
1985-09-30,123.38616439967602,122.90541135735499,118.38348257901832,108.67811369486584,96.1425062306572,126.21017694558338,121.60257269704809,117.78641407709421,112.44809565864688,102.74731670613167,121.2514676871203,120.62861743719131,113.96238730021689,113.82916062098045,102.46292659303104,121.23880776153202,110.6936158817143,114.35857624055883,110.7842359376753,106.01090973184697,110.80950588161834,115.9768926171117,116.0123809814014,113.70675267141692,110.67194043986959
1985-10-31,127.2798615896366,127.12512284548707,122.65440348002154,111.10956913256106,95.71707564058653,131.23914765615712,126.24779097407533,124.78928753963375,114.45675599139729,109.03750743488105,127.29548959692019,126.52108414176324,118.28498065051411,117.79826962267342,105.17266114971034,127.61233188555576,117.38559842984333,119.78820708188434,117.51515376054063,110.08088057827203,115.65919471603323,122.13410584615418,121.38619048084092,119.18684961641586,116.92745052935234
1985-11-30,134.81177467906494,135.18434713339957,130.44626976989687,117.03304248215618,98.7776291341943,141.41582488285852,134.24268483309058,136.16445504530907,123.40109364510103,118.21432213561552,134.81890762307737,134.6833388430008,125.9434600077123,125.79323818196426,114.23349625308018,136.06384140167233,126.65178279869829,129.66761967275568,125.36011288013302,116.86802735120597,124.28875855218588,128.96396717917696,133.14681293176767,127.64911593918139,123.76115844808979
1985-12-31,140.58441487082248,142.54824407479725,135.98527927686627,122.61973179808439,99.47401141959037,147.7856178830571,140.85252614890229,141.2909106133099,128.45449183096156,122.4582163002841,139.8661230677625,140.2127633192002,131.0740187380465,130.6369068181608,120.13833990789813,141.72722667233415,132.15442280595335,135.96363094596632,130.78657608637536,119.90846595077494,132.8005498928738,133.2614334574887,138.70529293123016,133.52863421934006,127.49230985298281
1986-01-31,143.58139342703868,148.04020027426697,141.2737467879436,128.35379831615822,102.94396335993994,150.57581034868923,141.14225979519057,145.2929756564319,131.99302771742904,122.85791991828823,143.35074765787274,143.15526837021693,134.8522273281707,132.17541766975827,121.59645893936029,147.08210647769494,135.4766528408722,139.67883716156484,133.1258247862563,120.1114709836296,134.30850013690736,132.68134643764824,139.9747237721368,136.379470559923,126.67521163913504
1986-02-28,153.17191260099773,160.7228042317634,150.63228487016414,136.92064423097187,105.34966083969837,163.00960788823224,152.29842629392203,156.32652422778136,144.66660225977344,129.5991339842047,155.21732254899146,154.96199912905058,144.00464799693367,141.3723154066377,130.61453872013902,160.9020882844456,147.5545319182888,148.67555106314123,139.65604586949652,128.37345862670955,143.37956192765395,144.12086676480936,150.96553908272497,149.86071760424193,135.16992465644378
1986-03-31,160.45355215413656,168.26247170107965,158.07487543331408,142.5187816909994,110.7636852599113,173.71037359805524,159.76912099891777,165.44786426342398,150.91026814670298,133.22466975741284,164.49652452561526,162.81640301690564,152.14825484580828,149.57813008210059,136.35217417703728,169.91163981584486,158.67822541601285,155.64754235469618,145.94238346222014,135.1044641828838,149.7803123312283,153.09094951225114,160.01275287441356,159.55580686893077,143.1814460908312
1986-04-30,163.83623394065006,172.45338508373845,161.73747029710398,144.75190848131564,110.5495790563039,175.46120045355002,161.00030184533546,166.09195279900146,153.920173444889,135.32415732811992,166.76394461967635,165.3643169077172,153.38871956756617,150.84595431267647,137.95567574535926,168.67094502190955,156.19491118825223,153.64887226331953,145.83351044415733,133.84907350169644,149.34415206171974,148.98780588342376,159.61896148958962,155.37719984284033,140.7349047214772
1986-05-31,169.53806255425258,178.82243350165106,166.32919707883872,149.39337842676903,114.83569678589586,182.31296033126117,167.29187164084746,171.8744441356987,160.71713438404186,140.25672286272993,175.93162571119845,172.81182964829006,160.03091129100048,158.72177243329563,144.17995992363836,176.54534809025742,162.71886023876317,161.79656466169885,154.65439615688263,139.84711818345448,153.79326369579042,158.12031142066,169.66282502236055,166.4242079972666,149.56067206637047
1986-06-30,173.56374384960327,180.25390708183178,167.16450230656866,150.10404272794514,113.02198179085943,188.20330976660387,168.64292079621893,175.26535504405192,159.74608145809347,137.16756854167832,182.28697975838978,176.72930101458715,160.9642115656496,160.6715106858662,142.68928331798787,182.2064512221196,162.78720216006346,164.38886922070859,155.4012222359242,138.4524228738109,158.13515511644997,160.40783796598268,172.61631548034984,167.86943581951485,152.8385933160491
1986-07-31,170.0591447337921,167.72842358652943,153.86021389699349,133.6742546271152,100.2616870246896,182.45463966978295,157.3153444492577,158.87839487814315,143.06539563223936,120.54272206685836,176.64155199527244,166.37561491464757,145.04565586286472,145.66864770406275,124.831862200025,181.4100268238277,154.7883274075244,150.39608867264187,142.7243675320287,123.42327391843581,153.6972501232619,152.644740239781,160.40992534747238,157.36148061495652,143.66231701194684
1986-08-31,172.33912768723803,169.816139274911,155.4566674763887,134.53244334182128,99.95127684166117,189.52585168482506,162.62347880166453,164.803129101544,150.25800839765017,124.1539409345373,183.88456219328663,174.7983804197016,152.9301926699142,154.5034511873142,132.54085385018755,192.81146559967846,167.38206051372802,158.7265280242195,156.93072290306424,132.42996390935977,166.1367370619881,163.01786620751554,172.0351534572544,168.3352408271211,151.58701774295983
1986-09-30,165.90036553771512,159.01039870056985,144.73388838053728,123.88796735972969,91.29689558504909,181.47422492769863,154.27910548087235,154.75788397341756,140.45682876787987,113.29816864710322,174.13040559174374,164.48475157979794,141.1814835482407,142.47211293990685,123.64351887207832,179.1746818836756,152.5227180916218,144.88414624175536,149.53551951698026,123.73395032925167,152.04252697333433,147.8428590779903,153.9807522425294,152.5871423772623,142.1592147614542
1986-10-31,169.0625924052295,164.7425645633267,149.4024246841399,127.85523173849029,90.3234880843213,185.9816817264528,159.4537809578063,162.3674838862745,147.38949692220487,117.44012309650404,177.39952982632315,169.94153321345772,145.98885424454184,151.47293114699838,127.46447453578213,187.7238226550733,162.25275236955872,154.9373673811783,158.5281370541729,129.50230335965105,155.92143592147804,159.06797599634578,165.14451076086502,162.73037266679083,150.84713301238568
1986-11-30,169.71568119969092,165.16364655835056,149.33399837363459,126.79006980287693,87.91356709874353,185.75645790988207,159.4952389408553,162.16793424857826,146.6071534725418,114.41463064529191,176.46569870131736,171.11735868176163,144.4748038371717,152.43645046202445,125.11810848852747,188.7073077619632,168.74286246434107,157.22532748529613,159.9702675169547,130.0603287848278,161.4167310090946,162.55617764196967,168.7070081469984,165.67693152466842,151.02030552108388
1986-12-31,167.27024794928457,161.85756584519206,144.33534144607393,120.92412722344683,82.75374401858407,182.6608265388139,155.55140016756476,159.3285358878199,143.57297182427408,110.51492237437779,174.2065848265431,166.50677256944024,144.12575271110111,149.04108096443332,119.25132038150042,183.3716086349937,164.1866364349414,153.76526970332722,153.6781569847103,122.42305621825392,158.60759563934334,157.86724469788706,163.85499459269073,161.60972853266932,145.03416265083916
1987-01-31,183.15055074909375,180.71332483589356,160.47578533862256,135.77373097061331,91.90167389737442,201.17130937860418,172.75382951209573,178.2135879180673,164.70002177415964,122.5786207858425,187.4130118156585,186.41515483170534,163.55534543408464,165.55602506394024,137.11492967200843,203.3261070866537,180.49102617947682,176.2843472166492,176.82454627711948,141.90558380788306,178.1937304096546,181.8101803649921,182.94131592783114,183.72117159050913,164.7322675195882
1987-02-28,194.40240483436432,194.00786200409573,173.62677594712267,148.60013956167617,99.26419269831479,211.76358233131586,187.34790027544807,191.9902111184856,182.50771752842533,131.0176685124646,194.92527498127737,200.7040628647104,174.1133336478911,182.22983457222992,147.4756079878847,209.906146564192,189.84876392277798,185.45254354669268,187.93407887061835,154.65991577495177,180.5624596679901,189.45038957447017,191.32990702838592,190.72645986325526,176.53187510974877
1987-03-31,201.68160848098228,196.56197550737966,175.82784258580438,152.67965919306286,101.66886776643148,214.34222747336432,190.52906762212518,196.50774078610357,185.66929871917023,137.92059641338085,197.57158051442318,202.46524101634824,175.86143151771594,186.78503374703195,149.52625631695625,208.30981031957134,192.1949149473357,190.96437859344397,189.37346598068842,156.98955808626988,181.04835324695668,195.97259813635043,193.54474203214653,198.50447562293866,182.03084301941746
1987-04-30,198.48152639921452,189.7843220299097,169.61953729194218,148.08369609203328,99.26236566640004,208.20432344743708,182.41271987049026,190.1143614396277,180.7429352162545,135.42368193591298,188.50719397200194,194.375134915817,171.2907929125705,182.44713812329087,147.52380069235957,200.7165011138023,186.0120045334799,189.38930439880522,183.4468339893568,155.28527944368534,175.66850143022336,197.14862969776667,193.6504174612961,193.5041478819968,180.28043443294274
1987-05-31,197.05305485371937,188.01363430537066,167.69452516321593,146.77256304683442,98.82134297574423,205.98902944595636,181.79598246460813,190.32557849518713,180.92150923624814,133.4191405958976,189.18242674080966,193.12569154857812,171.48126827428928,180.39661473792322,147.07636100485965,201.29617036901894,186.9236493676985,190.756884565869,185.04135387039227,158.64720574364114,175.76160573598133,198.50126644612303,193.7600235975792,195.95526492321807,182.63778139358791
1987-06-30,202.22471227835527,193.69897859313073,171.43042379480204,148.71245601262444,98.12751832671154,213.33892400561757,190.23167964293089,198.67706487955593,187.89386235919469,134.70063144132124,200.78517415525025,203.86966002080862,179.1759757442932,185.94236746819647,145.70737423662644,212.3718882550631,198.024484132698,199.73256825534682,190.69621764467144,158.8226695531936,184.73159928471713,209.35749920932793,207.13954074703923,204.8410523664263,186.4103474060539
1987-07-31,205.89145076138644,198.56818351700488,175.3824093545436,153.05649556520922,99.9601478589812,219.2874532236662,198.02908595981498,208.27873007105512,192.70093893379232,137.0508880587094,207.8016120661055,212.2073175066796,187.61408914599494,195.38600842717122,151.84092615511722,215.4126289510991,206.10843764844716,211.5197857709361,203.35158143244243,169.70297535360467,186.8508401917114,220.55310083704595,218.3406114129354,215.7408496038962,198.97776020747523
1987-08-31,211.44084303375809,203.9761879950905,180.40834305941675,155.6070290073079,99.56550519523394,227.82387520275708,205.40764970267767,219.7971686801747,200.02473081891003,139.95842264887492,217.75697169696846,222.4783638813204,197.772641616894,199.32459958504612,153.1021168877616,222.9968767912094,212.17853724563156,221.4933667096073,211.79209552295882,174.4239424249666,195.86601952928112,232.46539436635567,227.05786032359688,223.4326581148239,204.66613641628655
1987-09-30,210.32253241495252,200.63301827385095,176.52324939163222,153.53978962694578,96.26212086386646,224.3807729768178,201.0973755813167,216.94420143070602,195.9212234661601,136.0286700577398,212.01428483937602,216.5114941620234,193.52824295515381,192.0496503493911,150.85656813936882,218.19240908074278,206.42192135162034,217.28831514262538,209.2940077562655,172.9181405300119,190.6289538991072,227.3153560195634,219.44733496127054,217.93353353330187,206.45573711311056
1987-10-31,164.24423072335503,144.77899294961185,123.76415713671057,105.21375500102312,65.3905699164619,173.33459588613772,145.42537702800942,151.63163098058197,132.6198598491376,89.54005589348688,173.19658942813467,161.90534673091366,139.82763904347183,132.04911448793365,103.0021493073345,183.1151428196953,158.19577428816262,158.18632800046157,152.3386201315452,124.10974742958916,163.85912053200946,180.0496740424156,174.02063938761273,166.43300642344673,148.42887472862546
1987-11-30,161.09583306461903,138.43318490963742,116.58348450379575,97.89550705817196,58.63382771756381,171.7130507416229,139.3377253202399,146.04446027384046,124.72539745189802,81.37033165370924,169.85909114985452,153.50391638369982,134.5018839275841,124.52469184618221,96.84715287332543,178.21369979184055,150.38201040874742,148.96311596006666,142.3223558578961,116.54376900678656,151.96425925434986,164.1703730899188,158.04850304269945,151.44038833880978,134.6509644319408
1987-12-31,167.10454654209624,146.57582484602233,123.93069228070945,102.35092737540347,58.74441111663914,180.90622405222794,149.09122675493137,157.29952264930427,138.49994562108816,88.03488729747464,177.48559448339182,164.89651654594888,144.12630073390628,139.8003848443371,108.04055310811862,184.6142448198645,164.81823226195596,165.29394236276875,158.98588424880614,128.7111715786331,156.47531829031522,174.8890567489596,171.434737104907,166.58760742084587,148.20991259734396
1988-01-31,176.56600596730974,157.3267218710035,133.94503580114446,109.48693638294398,64.16763640651615,190.37594125646586,155.74919366812634,165.44323353590406,144.7695611594636,89.74153162262347,187.97126591987617,174.39785382932644,149.7601978295947,143.3076968993118,110.56848596974238,200.34282463578248,173.5713989409239,174.67139830089334,162.90091164843298,128.64990506096166,165.5860936977688,180.91730764603952,178.4891051020368,176.19504791602088,150.7527500677766
1988-02-29,186.47065263805194,169.363789361354,143.36177365307233,117.81035226064816,67.32295159153377,203.31369984831406,168.23981175272908,185.76131704644843,160.42407288588103,96.3450724855426,198.39690421285616,186.763359257241,161.55471196986227,157.44184842909712,121.76962644090712,206.9663587610661,184.50448778881378,188.72615769377646,178.4599035217981,142.74916275621268,169.05512236073704,187.56818970972319,187.0580100597754,183.95203490052373,162.9815116477745
1988-03-31,195.58608402161047,176.62509246643273,151.09771832116573,123.6636418023662,68.90201142111319,209.7184880209356,177.2783273993327,191.1407790267965,165.96046806524566,98.71911141665886,199.60692693165038,190.58995372506263,163.10321388409338,162.4020538638558,125.426490092554,206.75318341154218,184.88401352019534,187.99050313108611,180.29554208942332,146.59182746844715,160.3540242679523,182.77732300815745,178.46587448369974,177.04187670948554,162.05838436580152
1988-04-30,198.9096783473897,180.0157643665108,154.6309873663879,125.47049127274057,68.97752802563072,211.80539669523193,182.50396065608282,196.2075387972388,171.25145374763378,99.88745210027503,200.58280519741922,190.81084748142996,166.08196787925857,166.41549582099327,125.38133655612067,206.3274786068978,185.12306854967696,188.03411692781253,182.40662259174837,148.91662726026925,163.35713443444251,183.21141915030182,178.77230039018826,181.43641017316838,161.92322767324043
1988-05-31,198.9345420571831,177.09986901530206,151.9452017468211,121.4309688062147,65.22556436620455,209.99721402364474,175.76627943658156,192.94637329488992,167.68103218844936,95.56831867145912,199.7991281775129,189.18342176326084,164.6677799227667,165.81606720504604,125.36516236370491,208.295636425329,185.61290418905938,185.87266475372732,180.40872285450095,147.37891416717972,166.05693779524054,186.3782285303148,180.29365266650876,180.37700297416725,160.00071319107604
1988-06-30,209.00620005245415,187.50448631995107,162.82463013709526,128.44287866896076,67.53376663799581,221.61971983099735,188.84979397900238,208.20418660230322,181.63863362678373,102.4626171804182,210.11195997752344,202.31161613310053,177.01621673917498,179.57266558857827,134.43959427623932,219.97393957715147,196.77919089216903,201.62630245492946,193.2031290706193,159.4076863836766,172.02867739223296,194.31402712290705,189.86057475795172,190.62800843019215,166.83162363934267
1988-07-31,210.50561053163045,188.39138254024442,162.508424705369,128.03044858555472,66.96047249300587,222.4902420904935,188.48323652888914,207.04199083268918,178.07488363502623,101.66166690191886,207.85913954264444,200.4106961879139,173.58281019930195,174.78112815267824,131.26883644523423,216.9629362922194,195.58395408668997,199.7636786728508,190.42003799635702,152.06345545660784,171.34899208785626,195.18630279066178,190.05157449615822,188.18015417394008,164.10192461335575
1988-08-31,208.1622620751923,184.1431568639619,160.14668976912589,124.78103580045334,63.69340407959962,221.19757378394775,185.0969467014111,201.5895400041103,171.70603542181954,97.58767726249138,206.97324388991368,199.059527274215,167.01235366763797,172.47716332136963,125.79610738499596,216.78632846207756,193.51428468454463,194.97034920309574,183.99583717447393,146.0332270670206,166.3875820219524,189.82570617081905,184.79360763614753,181.13600646274696,158.74842752669426
1988-09-30,210.7397272042073,189.18720621677954,164.07797070957838,127.3562668173031,62.646857757167716,228.34424619533328,190.65411233222756,207.74084322779572,177.19908320099898,98.53154527697419,213.02286483557197,204.2993712106542,173.62921610759614,175.63366788731398,127.90256320315771,224.28214934131083,201.56409189885233,202.29460534125923,189.94736652371944,149.64492083884215,173.46903751280666,198.30123412563992,192.94540804980093,189.64650059039266,166.4636011044916
1988-10-31,209.99855558363012,188.78688608842484,162.7281012445507,124.4887131136447,59.487576720473754,230.48520184766073,191.41958859324146,204.02311309739108,175.21551666364698,96.32542397822273,215.39253118400285,203.9138582971797,175.33338686369217,173.2800011039561,126.72880138064232,227.38800854538934,202.80673452540876,203.0010181031109,190.66783688494388,148.5366505551097,178.57665985333375,208.56907372743146,196.81049046385453,190.40944846226782,169.1102058984519
1988-11-30,204.84519102960786,182.88691832438937,156.01621798061797,118.72862035787637,55.78679508511636,228.76232496384947,186.42334591136927,195.9905191116337,169.40940008796372,93.01404487812337,212.1271804112534,198.29705107038387,172.63448003969935,169.77038796159655,123.29559142243936,222.45005055181767,200.53367664484796,196.93961070357014,186.69317515724032,143.89918778812861,176.20301889056324,207.58838194276507,195.4446256600354,184.65679820532577,166.8275563392346
1988-12-31,208.91812796284958,190.78745030908465,161.1079632706334,122.36587164253991,55.912761668418554,232.87707290297425,194.2831405983385,202.43115955068015,181.55317411446921,96.79674005522688,215.1695084327116,204.63819416951262,179.0778893727011,176.71314797728604,128.64403088275336,225.72851939685034,202.08721103781556,201.76719138074674,190.33126506152948,149.4011732332077,179.69871058233312,209.06433533837813,198.25121048451348,189.44513363958805,171.65521216457935
1989-01-31,215.3665949005509,199.2742484611837,170.01336704838096,128.48318629769378,58.90733735785572,241.2266474748375,202.1863844747383,214.19868528652074,191.02607408023985,100.4538176912534,221.09377050838947,214.35380171409855,191.42316091027632,187.8107336702596,135.63750633363247,233.19787610369212,214.38502617831082,216.4742037276808,204.55129453680647,159.39073328027288,190.9588114861327,224.4788578472121,212.82465696723008,204.09795694607564,184.6574078651976
1989-02-28,218.2632756019633,199.64310509508536,171.3603829555053,128.88919316639448,58.94792451329528,245.0510547439036,204.8629278324149,216.98755216895128,196.76698068457333,98.13001952660166,220.51516811096903,215.97774611588457,189.65613371191355,191.87890197229106,137.32714275003053,231.46078512459573,213.76030821202724,213.08638243934257,205.25208727188956,159.55092096721955,185.05761133477674,217.27218859488522,208.67223508514243,199.346556508371,183.70882276099408
1989-03-31,222.27102586856654,205.25886599830505,174.77405314436191,131.71534650495403,58.98576908083282,250.4899629039445,208.90364422098148,222.30439815974705,202.3083323946123,98.76531327301689,221.97938882722585,220.61133268105476,195.2792484203381,196.38210792267876,142.18701300481135,238.15555687353952,218.32323575112116,215.24835687557214,206.64061764228387,157.74655960200127,187.6647029632611,224.76699274046575,219.18472494426175,201.8676924085324,187.3286214046767
1989-04-30,226.33903018401304,211.92916336665198,181.4135446492631,134.83634164038892,58.17076270944295,261.7119132420412,218.59134181808523,233.36137431541655,211.48058756871927,103.25034491405786,231.06056562414764,232.51221102253425,206.26468254022421,207.40366096562326,148.61784722899293,249.06212875612016,233.8377215300673,227.64924521188757,216.0138360585379,165.23778597094068,195.52109808811505,236.84642046432387,234.9596687832252,212.87997876480262,195.0019763946551
1989-05-31,231.61725636790425,218.6634244617907,187.17106631579674,138.71423482596649,58.37849050307836,267.201320622293,226.08924343378737,242.87925132824512,221.55890644989412,107.57044259560698,240.32794279020098,242.61672668915156,214.8805645946119,219.66100992503064,155.93519555515965,259.9439022236038,244.6760999229859,233.32249205181301,225.57201627645605,173.57882416896777,203.64128481281253,245.60736955729925,244.96965555239694,222.38890165626884,202.95669201772228
1989-06-30,231.80741413538232,219.02356312187928,184.7891273258619,134.55474978047505,57.49837638025396,269.32797593312586,226.20884464356385,238.58951799128567,215.72393108962973,103.47555855732,246.68822179614364,245.18458212442954,210.34959300956993,216.93787238499004,148.7632681059912,264.04477722508335,242.88923036524835,232.44613277166638,223.91045280456368,169.3889785111772,205.0673847303567,243.36644791745843,244.02480759093135,220.2908847580436,201.12318126203417
1989-07-31,237.64664289745258,225.71539004594206,191.26266003434148,138.786496661071,57.145911333042996,277.8955681755345,234.8565825654427,247.81219580923883,228.12999864266325,107.98895547047319,255.2189471940761,258.64153791432886,222.56459387563567,227.12961362963688,154.12841537023377,279.890632395915,264.8772637225232,255.45434833180428,240.57095786639283,178.43096218410386,218.29525638238837,272.3489581999485,268.6678968103092,240.53583735819254,214.9731268932816
1989-08-31,244.70379760493532,232.3340424282592,195.53814553674914,139.33498089587553,58.13613568462197,285.70387785013065,242.00608665189992,258.08302007674854,236.85870865072883,110.4644942856783,259.3596193933528,268.6214802962911,232.62562634178377,236.94729117877796,156.30393795318463,286.1120413728114,274.6766629712016,264.4930895388285,248.3522254985813,187.08754031446568,218.47185724480175,278.8738945405029,276.0226804854914,246.07417501336494,218.846082747391
1989-09-30,246.44902508945373,233.07774369807208,196.8590057098499,137.73652999503804,56.875162901622524,282.96283484603646,244.42227542103248,262.5137893654262,238.82392535640392,110.9822413703953,258.3273681081672,267.63537084212345,230.97421702038346,238.8355241421816,155.8967661948166,284.3424383969206,268.87137169930526,258.06775891466174,247.3774430134994,184.7418367340029,217.74237971346136,281.73179421175394,277.7536187148159,243.18403382783296,219.3032522142503
1989-10-31,237.1105786307641,220.18178521700148,184.97521811216342,128.37292521291533,51.12752956427325,273.64175610337315,233.23482345273638,246.8010265029586,222.95813552320195,102.28866945712811,254.02105088180406,260.5901373400754,216.32791094490392,225.66828286069898,143.03762143523713,276.0205882523579,262.7634207484122,241.9852342468589,233.54162262575437,172.46869755241616,216.23952180867906,279.6864213857766,272.17549279016623,235.55802571102595,208.58765670455762
1989-11-30,236.91638506686553,216.85726044201,184.97133363258305,127.60422813674042,48.44272073179414,276.47285371201866,230.91950136032105,249.2406546499403,227.25208625524326,102.42409965548936,258.0312812120751,264.95840981230714,220.10002072805023,228.35418676330704,144.77824625048254,280.29504308203394,268.019214690222,248.20231888512922,235.45082539071993,173.358118625694,224.046201025016,286.42015166706057,277.12963110993286,236.63052140208825,210.5369083564617
1989-12-31,233.31478218107904,216.51289111242806,183.4837941675098,124.89889089601338,45.45850380655342,276.4996715788288,231.22385326311394,249.2117427340009,229.78367449612668,102.9267971365985,263.0546341947118,265.27424023680345,219.6406719847908,229.3776702283802,146.2119852231011,288.2999892174138,275.18631651025316,253.59153583508208,236.64691558370475,174.5537695698554,234.5994492318973,294.22739216120124,282.94990762250364,235.35981550215905,211.18283559129932
1990-01-31,223.78503990289283,201.08028525971645,169.66911582084384,115.49288032152552,43.14416591925798,259.54443521794343,217.22509873885852,229.51778476444647,211.11604878006136,90.3295864350502,245.1969072977696,247.6876192060643,200.41266863722623,207.88567066099165,126.50334067495317,270.274032391595,253.19342609475376,230.66254993948147,214.52019232971278,164.74122941348597,223.85174466423638,272.1544532012679,260.06859744279467,218.31929414017173,195.22754999670548
1990-02-28,227.1149612966479,203.90546326761543,173.92170253977747,117.196746784909,43.42386954691253,260.476459284811,222.18565109365912,239.66889734900838,218.34022885326627,95.32210267731543,247.67069889549677,250.7671193756533,204.0162888319922,214.8134606357692,133.42636249673066,273.5029962565774,256.99031471247065,234.28948787472993,219.52044349272603,169.13751386161425,224.91213037871086,275.22435543337826,265.3524111370399,221.99076970972703,200.42860715616766
1990-03-31,230.5101028530715,210.30727919236546,179.96165542557887,119.72503220329985,43.52526428230457,268.5809238389986,228.44750929843173,247.72392932001122,230.21902900402824,99.5544993582909,250.93078830505823,254.3265078680713,210.17839681987368,222.3776870251365,138.7743579583246,277.6695409015501,264.06320215398733,241.28865203549958,225.02755285862807,173.72198617483326,230.3217169385796,281.40314221285763,274.84353617858955,226.3975084792348,202.0562878748829
1990-04-30,226.67487576180204,205.87589451250318,173.89406825125008,115.50604179348775,42.20057286387263,262.6447482603091,219.7562238071729,243.82302060500902,223.26779564228062,94.33007834096651,241.85411983048763,244.11758751573905,201.84986766748935,209.68192249518444,133.68466960584507,265.4245918173326,253.3116048150856,230.939540461045,215.20667536921897,165.66250207022424,228.07354665954213,277.3610674781121,265.35099012605343,222.24424618618323,194.54828033002804
1990-05-31,232.92022193879123,215.09522294466757,184.1632085577594,120.17433397861336,42.712676815575726,270.6049852905826,233.00598580917878,259.84877628031444,243.4179374667921,102.28757508965376,253.00915739942917,260.53205410029733,216.22642264223862,229.83340365658415,149.33018754382596,283.7587954971149,277.45904016729327,252.20814837934537,238.06334594683295,182.98218533666207,246.92336914386,304.71164234212875,288.3685964135478,245.75613172295814,217.55069625484887
1990-06-30,235.7758238597608,218.68666788217465,186.32841540077297,120.89429841347925,40.860697861529175,274.34691102718074,234.4846417951238,262.077759083247,243.114395298771,103.13206130959394,255.80237849711884,259.80569073346567,214.90830636981153,228.16940981411048,147.61333837763456,281.59910730458637,278.7425656871072,250.15744392487292,233.59370662668118,178.83965164282537,245.8381409364727,302.4159448287231,293.2276072631161,240.05213190566826,214.59331208996048
1990-07-31,229.97078730050964,211.20102324056785,178.64534952013747,114.22044956386155,38.037754828369714,271.7123576405867,229.01528752525255,253.07460182546023,232.80561559491724,95.68334818150852,254.39290739159972,256.8563765322594,207.1946025292799,218.93653464598253,137.4693497643235,281.80749064399174,271.7285665067225,244.35954484702611,225.85755025061877,172.87409738297566,251.11210657398283,302.12320619412895,290.87797444611675,237.01475228066587,202.81857705558437
1990-08-31,208.6002919490352,184.0545109193647,155.2554925528154,97.55385844530113,32.07746687329315,250.90978782726575,199.3898699309859,224.51994142689173,201.78380170566334,78.9725384716526,233.24446182141386,228.157299869557,182.28483863479977,194.19210856375892,117.99544167670946,258.240493816416,246.83469734334213,218.83619038775421,201.74206203770945,152.60495521301652,229.579745659477,281.3208149548384,264.3635744414298,214.84083713104815,182.26027762949917
1990-09-30,196.46392696344031,167.93980227033063,140.41772512954282,86.80595964494853,27.840097654264866,239.6642620466355,185.90513302755332,204.34233429085697,181.61853748220787,67.96266099316563,228.5945002305422,210.86320469674448,166.65446057638158,174.3260616655778,103.52967250891159,248.95545686124677,230.03611518094363,200.24671252288564,184.09588561333305,137.7459633288803,222.42902532142125,268.13052590405084,255.6654841151579,202.64754541967548,170.73195054887807
1990-10-31,185.54662300600893,158.8579536431557,132.0503733067985,79.46078656363156,24.745253198528513,225.65277029460304,175.08564019048274,194.19408094297015,170.36163891052314,62.68977794001087,225.5153323124368,201.1978679830598,162.11962604963765,167.4274564272859,94.27039271840457,254.8283160886036,225.11403242441696,191.5794340647576,177.72009280688647,126.43991240480912,229.74204681593892,269.5982724028496,258.1224294175045,195.40836715464843,163.5705988831054
1990-11-30,189.38261389003517,165.745557939262,138.49931738798261,82.75475400984035,24.717464279186565,235.9143300237501,185.83309712793533,210.7139772147077,187.48042819644704,68.20616494984213,236.79042238206173,219.1664471768909,176.3141720280397,184.088497471278,105.24940546556812,266.88857580412895,243.9702591223834,211.60829757849174,202.00429944829787,146.26038019356218,242.92280752586296,283.18171175959475,272.4637115959411,208.1478202429286,177.65811671191284
1990-12-31,192.01616851879,170.75786935690323,139.21563585751326,79.09674561834338,21.563688859412316,243.10193191658368,195.36503417891853,224.14046112885168,194.94008695395547,70.25937513332723,246.89545365721622,228.02142914217885,186.88279612774446,197.50818075993922,111.31008722989739,275.66707483947835,253.93985979116044,219.54635964555368,213.5409669940896,152.4509970456349,248.68275021510874,288.0470567493363,278.45028426712713,213.89498970765612,188.26750412571485
1991-01-31,199.30452622725772,183.43356751500488,152.72957606147378,88.12935667772135,24.94265421261565,250.79878218299461,207.85042278322487,243.14376184473915,213.5289888256238,79.24807855038458,251.27883554144645,244.69982855535443,201.82258061578858,216.8311961164071,123.18909973907203,276.28870409324134,267.7529184645006,233.65484780909625,234.15471716093003,167.6938099852427,251.37722781368944,292.39109441217306,297.8326516543933,230.37923487945605,207.60069412438452
1991-02-28,216.02498015056725,207.15648050101788,175.80105855089607,103.47734853121655,29.938368539552012,275.4658456058209,228.80195325019673,269.86647699028515,234.5009519921213,91.25432094692495,261.8549104505504,270.08376527054406,218.5986789843148,243.9923390667327,139.46472040749848,294.36710286817436,288.7016390522447,253.05030307088154,255.02118062600917,188.97264522808015,269.45099911626585,312.2043921428251,316.2604513102056,244.03657668157996,223.65777741212915
1991-03-31,228.05735551997367,222.07133278413016,192.31545838905015,114.9683011309111,32.35819705349839,286.6384648377474,240.7831675321433,288.7816882290112,253.05255680516998,98.12002229200874,268.59400842590577,283.0350920665624,227.52799782346608,258.34836031274114,146.09975448088522,303.1536665216865,297.8459747675855,263.97397855384537,261.0154534766235,198.22380107522082,275.03132930796374,321.8433905458427,327.7188837216257,245.69895384193487,229.64487245567446
1991-04-30,233.56630899991418,227.58314326383226,195.4986638563057,116.9205778524151,32.62450501524867,289.90041056760094,243.40890797408127,289.51461615373637,253.66747451820655,94.63656526059785,275.0123308512512,288.5503138705714,235.73470517696063,259.98628891712394,144.61450437683254,306.53110152040466,302.80659947733966,263.75989565723825,262.3087850486002,198.51796519601646,275.21009967201394,321.88233359609876,329.67798720851357,244.80411825204254,229.5447472912838
1991-05-31,241.41834117587328,235.40062423494496,204.51388924137538,118.39038643659782,32.27401995786986,300.1744811181167,258.0759985418755,302.3673280232654,264.30400539222944,96.36746803921417,279.14054094965934,300.61200554067517,247.70389909761565,276.220352769687,150.75642699222098,310.90131543478105,316.0907249964106,280.8280622651138,278.089281557124,211.5216859882163,281.91641938082154,329.4459246709399,344.54250829577103,261.71151467911983,242.93294467704794
1991-06-30,238.18309398577543,225.86478034781155,194.37736283501584,112.2003450817603,30.099719233308164,295.32636307357797,255.75615339098258,289.99173565460114,249.12529066655912,90.16728151303917,275.6794773824245,289.58495595343214,238.526469636049,266.286364002678,138.6571684311063,303.0249415095563,302.2367846105429,267.6038688130496,262.38669218471944,199.17812648068795,274.03572779345006,319.93020858274446,327.3047020632253,244.4819988217347,224.4911760477792
1991-07-31,242.82313883971233,235.63072172049027,202.46112860059847,115.16467819882041,30.113986500224755,302.53380296438866,260.287640916764,302.7531119738175,259.1994191705334,93.69165004553935,284.2674444618418,302.91049728658527,249.23487696388977,280.0483095807004,148.91155932242876,314.4041341131232,313.28353908805826,273.93805238785444,277.3729081088497,213.755774379683,286.5199734445363,334.94229376007263,346.61666139906174,251.66585787511258,238.05919823693088
1991-08-31,248.18273116018247,242.88814794948138,209.03929312996056,118.50192024366581,30.082276472440018,310.236011054059,267.2550204888239,312.8356988618816,268.44687684828057,98.7586818633022,291.95090921820093,313.7359126386133,255.55522420881704,292.6093164103236,160.1747829348993,321.2034379174535,320.3931957241227,279.10178467536554,285.2941236186222,217.62967027876604,294.0442744671633,343.02612601997197,357.1558876055616,254.9357523664839,247.8850916441602
1991-09-30,252.01864345299424,247.22685893630296,211.08035278808148,120.70214539682995,29.28464491177327,316.29398964191165,264.98495634479184,313.6315528797863,272.4765329166501,98.94484197861452,297.53155084790683,315.78303946858017,253.84300420661793,286.7050456237961,159.0361004030151,327.5976347560762,316.4872822750499,276.4974859225597,281.4888705977971,214.39221130369913,294.9943315179667,340.11280513168435,349.31417293729385,243.73107111422462,239.38808647278168
1991-10-31,254.85334915455354,256.74163182932557,219.01486324938548,123.44944692820721,29.87988460424998,317.9314436262878,269.9679984488556,318.1415746101976,278.7186978092377,103.11220083306982,301.29830028164133,320.3110524715202,261.4839324762413,291.2900327134118,164.94095177487864,331.7843325282589,325.2387886045196,282.92356399288593,288.2082914278371,218.20774948827108,301.64055380706645,348.30238136645016,349.603405072486,247.73679126798686,238.10496632928758
1991-11-30,252.1886025357935,248.04271185968437,211.39884039475137,118.7923165428406,28.934903373755965,315.8232402236019,258.319149283786,305.968205399313,267.5699498968682,95.89589345776743,297.10031106381723,309.8570606520072,246.0352002616125,270.3526877420372,151.39962951606464,329.69973156698387,313.351636119813,271.3842435118721,275.0046049726536,206.33724791610913,294.98455334675975,333.6576594395164,342.6854528929116,234.91467816232964,223.84914578522043
1991-12-31,262.14425199809904,261.4258563780736,220.8401240056214,121.86095966377526,27.196233964930343,331.6614598975753,280.2899678878198,332.7419532127799,292.23454787836147,105.42343816047702,318.2707879292916,341.737633908371,267.4574851483911,303.50441572371676,171.64403097680523,350.1064964523223,342.7784882678246,299.72245760362534,311.2392117238504,239.27837053417224,321.8417169907689,374.2124133137519,391.26591343682236,263.65977784098493,252.09174481065014
1992-01-31,283.69224736809076,290.66999837595046,250.28694614053094,145.47078943287374,36.015455911311925,343.0649758732336,297.28114574117944,354.6187384106605,314.5627285090077,116.6483987386138,322.972602279371,362.1629505494404,283.004788760067,319.9795459224473,183.88516833397804,347.7247219569572,348.2372356934897,304.59774309900587,313.46239341319387,251.33560762538914,308.8473576672665,359.8508893155967,384.98100906928664,264.24589352712553,256.34251581164733
1992-02-29,294.3738278659941,303.32925814521985,261.5964120888369,154.0729136244079,38.08594845619733,348.0548559473098,307.2017148557083,368.060916308855,322.6136469824672,117.5259446423244,329.50956774950544,371.613592744028,291.5107806910396,333.29805456237733,189.25958014887522,348.92506769715254,359.0705478586785,312.4752499310324,324.2307670141173,250.89602164765233,305.854317924113,359.17400979279404,392.02269670617295,273.8916613785462,265.01483946407114
1992-03-31,297.85097152074724,296.92931412761385,252.75314537817383,149.48477632958665,36.412642310774295,344.9021750621391,308.7334226059789,358.5667849726681,307.46790409758125,107.73309530500272,329.7744934419761,374.1532000368407,285.25262725116437,319.72349139616085,178.46307813970245,347.0000480986674,351.34406780985546,302.24449777304045,313.4079440111861,239.37337095746227,301.17658198578164,351.75383392448475,384.97020839242896,271.3910305101601,253.7673446623765
1992-04-30,296.469538714834,289.87486748257004,237.71458598131784,138.1877633280308,33.320444313101035,343.43254689419933,306.2129229438237,349.3437301296011,290.28014079062234,98.97924264599473,334.8230111620793,379.2862077881461,282.98344260138134,313.015372823178,169.5263610387787,358.0388136287822,360.4842837339288,303.28996149083747,309.66804701530066,228.70090921332383,312.4499226260914,360.76541539579614,398.10346705173663,276.81288051769207,256.2339632524948
1992-05-31,299.4899703752607,291.59034694833196,238.34191477372255,136.18334982095772,33.74711260253029,348.9398312161947,312.4866133090968,357.46771857376496,291.7417012995031,98.58768076208719,341.85663815756106,381.01006360254326,282.1095897306283,312.0960466731963,169.24579491125954,364.0216422045191,361.4262291673255,301.9145415154765,314.086700378162,229.11165604627092,315.5906692483289,362.0508225708513,403.19640470572955,275.73690885111984,257.616345484242
1992-06-30,291.3276707226534,279.8821197473156,226.81093293696986,126.9527061867434,31.772501549931036,347.432760085172,305.22786176853975,347.70920732441976,277.4507340613469,91.16156370868296,340.9558459160159,371.0058823625313,273.313694832417,302.1682714285219,163.85683955549013,366.93272327722866,353.48533348629024,299.3630617251292,308.52579534796666,216.3340989885704,314.75119806812836,356.7558292907526,394.5022806310599,269.72694718580084,249.38369993160205
1992-07-31,297.9145893576926,293.1790393743908,235.61051670212544,129.3397979211727,31.91560489691193,361.9780325861377,314.2601646539944,364.2761602165991,285.9099294921433,94.28995509047382,356.57605608496635,387.6043145335486,279.60373620529026,315.5271307083769,172.31742360909828,383.9785829370723,365.97997956903015,310.5730109344885,318.6744428601427,229.0930514787183,328.37740693489377,375.0688195199055,407.7445386850027,278.9826273784816,258.4243578215225
1992-08-31,295.7392170262027,289.09740078822057,229.25068202478496,124.85080155472257,29.947241880499785,364.0988618790599,307.2854745596636,361.8482596087555,279.94327517357175,89.66739004216335,357.5990727898741,376.4920864401863,272.91561483525976,303.81791888778906,164.25193427965084,379.1450605350604,360.74463596129516,303.1910010375866,310.7617564439253,222.2326309591366,326.2419686575962,370.57211944268136,400.4540663333148,266.89207827315295,249.9513984016282
1992-09-30,297.11529160302564,294.06293774415906,234.35609471347695,125.17915916281149,29.336647565798273,368.0147451385692,313.2575677577307,367.2075941818207,291.86773892286527,92.98965651061553,363.12469366262326,380.8240043867671,279.0144600799833,316.9853874923858,169.9549256897746,384.41821003698203,367.10961431819624,308.4747106126686,318.0227048832377,220.72211576650736,333.0127944751159,373.7049361404497,399.31717723899453,273.55503900724216,254.91843259066536
1992-10-31,301.47842966021614,303.94021776004763,243.49082657321884,129.183765643589,29.121140552779924,371.6643473661084,322.07514177497535,375.7940093565742,302.60642864105426,97.92433861266437,367.4781956149444,386.4236405472701,287.7540300130686,331.05922171166026,179.80177417438875,386.74855322622625,378.2323014128089,315.7781578611342,327.9173453002698,233.21940196120696,328.67297173751615,377.50028347189215,399.7472418388809,278.65410493433717,259.20131717662116
1992-11-30,320.2722934868043,330.20916290061297,267.4583591053005,142.79172514895336,31.518392843084765,387.4831253187047,347.2111741396615,396.8132956819154,331.8049229406296,107.56028938082778,381.4313427024439,410.4769664767755,301.39357103568807,360.1152964236275,195.61048556512355,392.7539847607231,394.53297890679676,332.1948327320188,349.2732903302952,248.24153008033218,336.4263671408042,385.35266686839105,413.9642524948807,292.11616339781995,276.3244153906259
1992-12-31,334.60832188786065,346.060523556494,280.14283924422847,146.63467884788716,32.27392023792635,401.76924066608007,364.2057722691014,412.2310794723406,342.0006246127493,110.39708445295773,395.1968184292324,429.5567568325489,312.85978805216973,375.74394017311647,200.05182163987968,406.5133351088456,405.6974731439013,338.2703440278547,359.25063114187043,258.05898611194914,345.8126627840326,387.28790796140413,421.98894952949394,295.9691755930372,272.4627816855419
1993-01-31,355.3567147114831,365.221894745817,294.8901185877232,154.42669904718502,35.21249294950978,415.8371906280029,375.3679507776048,425.2827276795143,352.01269289828747,113.33232213439297,404.15237353165725,435.44555041196634,322.4705278813443,388.90587465344055,200.2396703003995,414.5639251973411,412.2117574701729,344.3426349734988,370.58678480755214,263.3022285917717,350.06477528562516,380.9580743936829,418.1817652268388,294.7246252096685,287.3512379279667
1993-02-28,357.10222689414593,363.2175569874519,285.310613085401,147.115212554097,33.921955082910245,423.7834235037134,376.1472146434191,416.33690550277566,342.7815120397228,105.10768218477796,415.15420944393605,431.7116048171837,324.18349132545,377.7446649567615,189.34062504594877,430.4902275116473,420.0367732622292,347.36906239228085,367.77699580514127,252.79620636873145,364.25850166435606,385.05413560956384,415.74209280850545,299.6182328866498,283.71164714837107
1993-03-31,369.49010314510383,378.8133924493791,293.76721965725227,149.62190866080627,34.5216952487761,436.298595566625,389.01521085637046,427.3098809842069,357.4241098895236,106.38200772358618,427.4552286697599,450.06452856117176,336.8597142032577,388.58102616037604,195.55024018495573,442.92881214536885,437.07472489606494,362.5584693835081,381.5759886877502,265.63774805985025,372.73843958310226,392.3343541515339,423.46824386125866,308.2978734751432,289.0777692425354
1993-04-30,362.02086071002554,367.41451865718483,285.22740658181596,145.2939453308838,33.75527909255801,429.64024269968274,378.10022207016243,412.64332393918596,343.7694366194142,102.99725138384485,421.65679849285453,442.35402305786175,321.94996639290736,379.4447090732933,186.29445621652138,440.20258530661414,426.5215556634495,349.8174396524329,364.68171178860007,262.4059992169541,367.05455111789956,381.34977690399927,405.483547544471,296.5899534320512,283.3135585238392
1993-05-31,367.97175961837695,375.7908348535314,293.0015647756099,151.9260327594573,35.49404727389477,435.2934490131252,383.50894574687607,423.5635168639126,361.05588273982136,111.71318778769997,424.57803679281307,451.5341960983815,331.969371297021,397.2433220417943,203.5941320097,440.9755810464126,433.90762944287343,360.4193567959792,375.77678818805646,287.090531563293,370.6303965548901,391.75986311392467,412.31553983704777,305.8726257945675,296.4153940377742
1993-06-30,372.46984640795205,377.8757224052988,291.4612555495845,153.86339352920592,35.199766127946916,438.8110553746003,387.33252993597245,423.05693489774336,365.12859309712655,112.58667320301198,432.9528385685513,456.7665743627695,331.4571425571097,398.7512576922649,203.19223719311285,449.017652717956,442.59402627669033,361.3016633814158,383.49712230138005,288.88599574768983,379.8027576088306,394.6612366601464,413.52279973769066,306.47550074000856,290.1417622229647
1993-07-31,385.7841535376507,387.73676725718747,296.05585078206815,153.50827681694054,35.54560383015399,451.77046227297836,395.4382377899425,430.04921991773335,365.62370746936625,113.22109910651096,439.244942171468,464.87874872345236,329.3643221590041,397.2671055111343,204.65136064839663,453.46427453282195,446.48885370792516,362.2442994211779,383.15964483375484,288.01558224250203,384.36494833322786,395.975063916988,410.1683027862185,298.7097180267575,287.89461427454785
1993-08-31,400.9242526432358,403.4183930721372,310.50189602097913,159.7453181040128,36.89637232130367,466.4557129196237,416.53012251718246,444.9035500229117,384.5670373770616,119.26031253285225,446.6299673841969,484.6839780553176,345.49625729403,421.0939946983755,213.5706808995357,471.9121081493663,462.67228869942255,373.5463215631186,406.1342802976316,307.2864168347656,397.71970846306584,403.45582482450766,428.9937973791976,311.13096423146413,301.3931290540385
1993-09-30,407.03594195052926,417.98058680686216,320.02747318711073,164.18448074880524,37.918401834603785,476.24428605524207,423.997258023548,458.4873452122112,398.1287939501637,124.74139723654962,449.84213010962407,481.2533848586421,355.20228365019113,433.1671806203727,219.62007043601503,472.5624030343962,462.04675576510095,376.5529959053801,406.78775035463053,308.6132795826581,396.3949041141754,398.7866305638136,428.4335314798204,311.90536920143626,298.45394325950355
1993-10-31,414.3129305207208,435.1508113323013,333.1249175547664,172.7990762692143,40.12199183881995,479.41654924465604,432.9414801815548,459.26173033827473,408.13854808765876,131.2442910158882,446.45751792267924,482.16632252971897,362.6316946150185,439.0448260942105,225.26979674798153,468.7894648085695,460.39216633270615,383.99180033949085,410.60830090596124,311.49325870772344,393.1103759386853,398.64107344365783,445.10687922442065,323.0372718282355,306.277316474165
1993-11-30,410.9155644904509,429.91203071467174,320.61641002550243,166.3868481470163,38.70291710947273,464.33985760401004,416.59014635805784,449.8909539924526,402.70214262713114,126.45098701940594,433.7736598384959,473.9598517202632,357.7822209629319,418.9883803485748,216.9122872886314,446.37523412767746,454.13589718441096,373.2815010444218,407.79234917834816,302.1425425745763,382.17168661781545,390.02524392332003,443.8752684896067,325.3053165137415,305.1670612019461
1993-12-31,420.8075348744295,438.1426965427041,328.216942641567,168.54871246499047,37.65596449874438,479.86088168428165,429.8872872396607,470.34839545239737,425.66703771472845,129.52930984740632,447.69562545101246,490.6991657633194,378.37723894822113,445.8421836218757,223.51835099800667,459.5352687802296,468.012927794675,391.2229031106209,422.22615937751584,317.66148998883426,389.9297718561571,394.18408309927446,448.08631316176763,324.64104305742046,309.02742452615075
1994-01-31,437.25016849211295,455.98430528861957,343.65922157591007,177.29065998569965,39.29949672525658,484.5515218027455,445.31938107699,485.4903213471964,443.72127945236093,132.72946097649634,452.9466474419274,502.5657436889737,385.32121803739886,462.16045338462,233.66474302321018,463.2051174367086,477.4307519406872,401.7389747462344,441.9301875571864,325.21198594437885,401.76686994039443,398.84215640925856,462.4322445639548,341.38797590458057,319.94381829753706
1994-02-28,436.16841157526346,454.16036806746513,344.0819224184484,176.28063509576114,38.53869776815234,483.72681511263727,445.99849313313234,481.486482667046,438.2621765512585,131.26240224432314,445.82315551760814,505.1363674679428,386.4860440795259,463.51319703167667,231.59447340002455,453.08640164630367,470.2778844151117,396.32594380050364,434.0567593356675,322.9455836143325,387.4370509902304,387.5533280142509,443.2320577696594,335.42836600921424,314.52748939757805
1994-03-31,422.0884590812024,438.4568650207964,327.4273251276283,167.28415288364894,36.3646912883531,469.77758494523414,431.7854131539657,455.32876652319334,409.7663698318957,120.13358199484267,436.74619607126965,488.13145679350197,365.870878488324,433.23651500156757,216.9954525803072,438.172609649714,451.844872457577,379.00491475264647,402.9548563022296,309.16775618059427,373.60903520333807,372.0221283940798,421.98439938429743,320.2931672781465,299.06720518372947
1994-04-30,424.846385072839,439.86869612616334,328.1738594289193,163.99467730134486,34.801445939249376,472.53283048093795,435.1697472222665,462.1268250073847,419.6290365873796,117.03197317489982,441.1088538238256,488.17441236169986,369.1585942024201,435.6656721411813,212.6720351830971,445.94228636402266,462.8622059827102,383.36043923298394,410.023087436627,306.5923887716099,380.31457016716763,381.657129497358,427.29802694134446,321.12112511556046,299.2897111843862
1994-05-31,430.8753801234077,449.65137592800926,326.53725639194727,164.12521706447674,34.19899810859503,476.682141265391,438.931789687003,462.78350722572014,412.430300464723,113.66297376311398,433.86496422633076,487.50512524235194,369.97443469560744,428.48546619862253,209.43304008725855,437.3476406789289,462.93117245140155,383.926662601731,410.7832702407345,303.3581456624582,385.19514704612294,388.232700181468,441.30143788026623,322.7598062170252,305.24198496042123
1994-06-30,435.62233418622725,449.8501218361694,319.93238730690734,158.92080643136217,32.28532477143238,475.13864449197376,431.5682699832138,461.02585546527683,404.57020379846637,106.82648688018396,432.14512350813766,486.018722115488,366.85592018555815,416.02039550143843,199.12809678280507,429.2785767084027,456.62466108909604,376.1517637573833,395.4528385953503,288.67015096577336,374.2436638204546,378.2527903906032,430.4136488048843,315.03358197580206,295.6537237288445
1994-07-31,443.95274008287055,455.7957908964781,323.4941945747952,159.4980068003209,32.160671132489874,485.65061186271424,437.3413587307792,475.0290547991791,414.22163058028264,108.94656533880811,441.9154926055332,500.3577324740613,372.19917666306077,427.6390131070026,207.1043718275371,441.583847109749,477.175967210733,389.8331557087669,407.006388727752,298.51640114506483,385.6517334246936,392.5409112948178,440.8985252897712,323.37220585711964,308.7003312495509
1994-08-31,455.50882990722766,473.7185929861094,334.3784802454588,166.6945568671514,33.43468395873233,500.4867524045083,452.74233467848364,500.15191642034324,434.83702691263267,118.27337185089814,450.564220711316,522.277404018285,389.9914139050851,453.2545899921121,227.21006424455445,457.8036633979372,490.6891134261738,405.612042519235,426.9090011365391,323.6801396959892,398.6524390101734,403.471212969822,454.3481348037357,339.37427946395917,327.91445726718547
1994-09-30,458.158524770798,474.5025972575014,337.9265702993433,169.91909637518955,33.820520211616106,495.8021964020021,447.1659073422488,494.1445917522185,439.6767630221703,119.55379937455596,441.66602791648825,517.0300829401133,386.3438242108309,449.7373343737733,224.0716116271444,442.79960613373316,476.4031905778841,398.23233701763996,418.28330476857525,322.7233412030479,387.46625157154796,393.9763249150032,448.2135262876157,325.6167249230492,324.11097747734334
1994-10-31,454.7534906147014,473.637579022701,340.77630506667765,171.96356294277584,33.72450375473532,490.81194729521593,442.1750886504019,483.99337940385266,439.12364965428844,119.86667166751919,440.78092919654364,518.7559293569674,386.55090450060794,452.19739759279787,228.18511827339552,448.40013555211266,477.0458584819737,397.9053882689485,417.29448303610235,327.66262194016053,398.2874090454381,399.9182758473713,453.6803866677458,329.4922151830834,340.40176753828706
1994-11-30,437.80801129392574,455.0984569045944,326.96123365927457,165.48552356315852,32.16515015012387,477.5345024969858,419.5737511691252,459.8421097716004,424.29795699466035,115.68704069314447,428.66386145293063,496.37576105264907,368.7127399106183,428.6718279830326,218.28918606411492,430.862757850534,453.2994697384581,378.75738517467016,395.2237778283229,312.35127527951875,385.17299952779894,388.1938717543539,439.5967864244189,317.1388930514392,327.56964210739625
1994-12-31,437.7817428132482,464.3401412689561,324.67839032586545,162.81045007476007,30.768893147257142,492.64512675949794,432.2310325206443,474.40806844072563,436.4761569563211,116.63717835835725,439.85241690071354,509.47859201715585,380.33862131274003,437.703943398635,224.1816843527296,433.5659907932882,456.9689289459909,385.07581587415405,400.68181820013206,314.34751227983014,389.2288712128266,398.1689014829538,447.36665962447057,316.3898109860517,330.90593891226007
1995-01-31,448.7757557205173,477.09835099046194,331.9930697815169,165.86689065401353,31.97251070939155,499.03030024742776,440.5445642001464,473.06834005544897,433.3658278618504,113.32025028020229,446.94107845148545,514.2503685099884,376.2606306150248,430.07345055336657,218.33928547681313,447.67379456771107,470.6249884186128,390.5057699537955,399.9686045637358,317.9779116991499,407.4405008680036,413.46256898891403,456.28804555070167,323.16941185586086,331.7821778384997
1995-02-28,464.48604860102546,497.28438222086845,344.02117869970124,171.33087776593806,32.73777275322084,512.7546315648325,455.20676838585564,492.83502757632596,447.46235151054077,117.2038485775551,462.3770824779644,537.7104703214142,398.15109784357634,454.07800019600273,231.16409842715018,462.91887796791997,498.5843483555742,410.87494142035536,423.5307550585855,333.61638337442577,417.72511399091377,426.4982168639965,474.9178301624913,340.88394316673987,348.0832998000609
1995-03-31,467.01378167751227,508.5782078254866,350.3370635194491,175.1332239361975,33.29660653411832,522.0272863220509,466.38846744448585,507.4347724332471,460.72961023282824,120.55529262763028,460.02774452189385,546.0202479297612,406.4836040192467,457.12304726531715,240.68805928234872,467.80730131926117,511.021534925304,422.5462550063419,440.05480746719616,344.9933692802605,424.65016093065515,435.23503283645545,491.2659266301748,350.8994543009219,362.15073827818054
1995-04-30,484.2806822274749,519.9439136139706,358.2399669983208,180.74151516630636,33.958276699164315,539.203028096619,482.0162122116157,516.2326765176948,472.8279090679321,123.85079210689918,465.148313346167,558.1784807904132,415.2067421614997,466.51509739443037,239.67452186471075,477.3295189376147,524.8748177155941,425.61140554015793,445.0753927655894,349.9985330817785,436.73527986058065,450.12094142952793,501.49801335002815,366.4348258411866,367.84809369277286
1995-05-31,497.47442513408026,529.7926912256463,366.7119839778641,185.49863184548352,34.34974771295228,550.3850204932866,499.34373100819886,524.9637197756385,480.6532109630065,125.10800149757631,476.9328458647922,568.765452035565,425.5333490457984,468.2990511268667,243.42566780641536,499.1783230079461,535.9507261190286,435.4051495930425,456.4978076455254,354.272015170707,453.2722612325016,468.46562039748835,523.0007436684374,382.774521160271,380.75073342714063
1995-06-30,513.4030587524484,548.344971686986,384.79125149995684,198.45775176484085,36.82921555211631,569.5472253667808,515.1889062805511,546.6499710395701,502.47775065999275,135.3437126401005,485.7265336768473,585.6981683081158,436.9048767323493,492.53212212552864,262.4491403198189,506.1987669427299,546.124678752946,447.48415925305267,469.18799020026336,387.398219949244,451.89340701383236,476.91908251756104,532.0245984996926,402.3277920247011,399.9287671191323
1995-07-31,529.543424113508,570.5496529704789,403.56598624314273,214.24824124176217,39.32417393047887,586.1090891332215,539.7139589751304,588.3019655829302,530.9064343590833,146.55924007544772,495.62418325358044,615.6484298427197,457.9575751225743,522.9203689964296,285.0649076394584,511.87224272262404,570.834089843123,466.98730884993773,492.8050368749838,424.5020592613227,461.0139716475925,487.03835161041866,552.4570032050733,417.8343097849172,422.5655351956095
1995-08-31,550.0235160410979,593.817808917921,419.72234693640064,222.24741357676461,41.56148348207954,603.0675695182022,563.397686922877,602.2623712262132,541.2145136885993,148.25610295704126,513.2971503800366,637.5076429927152,472.0585468181735,532.5556997155578,282.8750390189721,521.9218304639974,583.0830477429768,471.35924403539093,501.34731938417474,427.350043576907,466.4636178064387,496.7771704892205,551.2531993950895,416.12160694910887,424.0107093259785
1995-09-30,561.8110700133747,609.4328420212266,429.51866651389616,226.84993526452587,42.730940504298296,618.4880072707826,576.7023232995608,613.6252553841381,549.5048376092813,150.37927860748906,530.0013795448541,646.0266576260269,478.2349608447425,539.8149664583806,287.8058338241118,540.2679047266373,597.7773236291475,482.495577534971,508.8224079161928,438.28764059221436,491.82757702466387,536.4711567428208,580.1168169154163,422.0217952140403,431.10016838590883
1995-10-31,557.0525302503613,596.2721397977782,417.2507543609263,215.73950598507517,39.09334100104839,605.9729024436584,559.1250131877134,583.0391045295156,519.7969575736107,138.00983104563005,524.139564287088,639.4158668385397,457.60486110382203,507.8509028494805,280.8584888014316,543.8552836140221,584.5078625992277,468.25954551980163,483.96541564467094,433.7991368649095,499.5364824669484,538.1513844057392,569.3249037703388,417.38841792438535,433.55183504351953
1995-11-30,569.411854739026,606.6711259158513,427.04279506426855,220.22257291944504,39.0079220509611,634.5305874171206,574.2275389189268,605.140367864916,543.4238084831617,144.98512392633828,535.2953507733744,667.2227840556142,475.4413833799267,536.0676068627005,298.52448774704163,567.2410608094251,608.1658183379315,493.71507093334907,514.7310971172027,448.3101517921775,519.267174451428,571.6717578376039,601.0385782099618,444.2711537576413,437.30769459050157
1995-12-31,583.0993769032427,624.8184793053723,437.1167345998346,222.1470979841881,38.49301747988841,657.9111359716793,590.6584857175529,629.5529405853225,566.1394671015663,147.19788688770208,551.7835181678959,683.4569816144714,490.4130325425607,551.0774998548561,298.2940268425009,583.0092278178055,620.4872578174579,501.4757781333504,508.0859186534195,440.70232851626423,541.3500495793238,596.5280458683828,607.1042595412566,447.2935304166545,427.1722141529775
1996-01-31,589.1857681993588,626.6623186378024,443.07419857569573,224.08288779602228,39.53232895184539,662.5073031675774,599.345300067001,628.9649381388158,565.6774972964114,148.26492436975104,548.6438699495205,692.275627048243,499.45772010174306,548.276372923094,292.12083195699535,594.8699675485308,640.8262096414563,516.3269833027696,512.5911164941194,439.501855373386,555.9340199149908,610.4611514357307,639.3445312441951,463.3352655915173,440.47649276277195
1996-02-29,602.9403099579728,643.7889998061736,458.61015227455397,232.2840974064689,40.94244712555772,673.0868822918604,612.8581392023115,650.5799472028942,587.9567055274306,154.7890258367932,562.4241580310427,705.4170952764997,515.7035813634924,564.6226847054231,304.7550579391354,599.805603669281,655.9362508385922,525.4809443897444,517.6888351476534,455.9915254851401,554.7988026463245,612.9640421566172,645.0685828324243,464.7841149670221,460.7820186026429
1996-03-31,610.1370054976311,661.7487815337664,473.48333812297005,241.35897252394486,41.493000212055094,689.6300116848298,623.8687485312201,677.2068832820144,601.5249824208871,157.19568561050366,567.8065572233999,727.0769271869647,530.6177289365246,588.503401155039,309.5110653733335,607.0326613878922,673.5474832373575,534.3941521684832,541.1121841827442,461.0990865620991,561.0258644072268,617.0353493246215,652.4965475637396,473.7586314429203,454.3154037535734
1996-04-30,622.4019795821446,687.6933042625794,511.85679526114615,262.8363006939881,45.806488035099704,699.8379151177887,647.7317281625393,713.3033645747123,642.8106495893447,172.75900166005718,562.9495399329109,743.1882248165006,552.6781610170606,614.8913051594297,344.4248420806416,598.9409160115916,675.2050835936046,552.2808588357145,562.9774453212005,499.54783389507975,556.0675178175957,615.3175229121017,657.7230449097252,481.6775069674887,480.1223359483914
1996-05-31,636.8441951163686,710.4071264090682,539.6895203602662,283.2132105778909,50.51150145362497,711.3754429864206,670.6154423867936,734.0241140122432,675.4615737245858,183.6709784819114,570.8601068680482,750.079809225224,568.2161548358943,637.9232887767866,355.24219309586834,608.5299600769373,678.853216660261,559.5737275766402,570.1570966813817,517.45812238372,579.6153089946174,625.7311566698661,673.4419679600227,494.8687271733003,490.2975686141457
1996-06-30,632.1309112283124,709.5979726920882,527.3031061784777,267.1419937304379,46.15544007976581,724.7379193074775,661.640595921331,722.5234241938994,667.8180505563184,170.44777005708465,584.8359040043918,750.0498060328549,553.868696926288,627.3095210981185,327.686766661808,623.65862341441,675.0529963533968,555.6421625666867,553.1618539435032,480.11006494255264,596.5261652498443,629.8947717863474,678.6234304615072,493.7384470004365,478.808915986379
1996-07-31,617.9623289840409,683.8111823644576,500.2340012228056,242.6474771833003,39.67346238584366,698.9495699247594,624.2810596726331,673.7791039040821,618.3554388238142,145.05940425931183,561.7430734988742,720.6718552301601,518.3064495027418,584.9974939000504,282.03442939078485,606.7188078852279,645.2973353271353,521.7296544587541,517.4408740632475,434.56826451229693,578.8200756128984,600.7067078513116,649.7459676250786,475.68736937810047,442.5836698295975
1996-08-31,643.2579989586737,715.961248914505,520.2208507416627,254.55321829877616,41.50153618565857,734.5421788740381,653.0885091712269,717.6252790906403,646.6952869405485,156.14237792293605,585.4997498202151,751.3234705768093,539.4170711909884,626.9786690547996,304.68828086274084,630.0507863612622,671.9655383041999,546.7215483666373,547.7002989375922,461.51019320726584,589.0935531349519,621.0448348590335,647.4322222343657,490.5597349817068,455.2685603905836
1996-09-30,660.5597093566652,737.2875866359212,529.2482431645828,261.7509650993923,42.55762577697503,757.0125586679737,674.566630972341,741.6334328026177,671.174643637109,166.52881275999184,597.585635656004,779.3463333823832,559.8733847817642,649.0589768429026,324.086869640429,653.3462841361835,696.6206258701193,574.6202022582385,567.3293299512164,496.30021610180916,618.5217215818084,655.8792396462766,678.7025511360633,522.3357418151469,487.55393035068187
1996-10-31,675.3972015482345,752.9409393877885,540.548751652633,259.18240287887204,39.300392772882695,774.0597244766178,680.1405750440655,752.0578323340914,671.6048665836803,158.90945346097115,607.9388067937443,785.8343916077915,569.0894605686568,633.3666779597717,305.15890010594933,670.5129577518618,706.9131956173503,588.9730656702446,563.1174770056587,477.8393369634702,648.923919762719,676.067202642589,700.0952555478721,533.8156367487603,480.33910728935246
1996-11-30,709.4851737075754,779.8118956326599,557.277113870027,267.1240108854835,39.186460934234105,804.2054804463596,712.6621767803725,778.4655910586707,696.4623059056755,161.90457883980355,633.3342345699394,831.4748672379804,591.8541771703243,658.6601762440952,316.071077214838,699.7111150101244,751.5271943059568,626.7350737756924,595.2213674872282,506.11500188894655,694.5581965721927,720.799189105436,760.8502219195719,565.9086328300957,522.1732811605041
1996-12-31,727.1527735032414,802.86157564377,568.3451946285996,272.02306524512323,38.629268646210235,825.1646836777527,738.7228072608772,805.1973209900343,723.9732634512557,164.0606621162132,642.6822478721919,853.2769697318276,611.5712072285766,667.6377144463022,315.9986969381558,703.2565512298806,747.8086377485309,632.6683747191269,592.4220413959357,493.5415868970195,683.972435098236,706.4351028649429,746.7318852016324,554.3872989743078,510.30167161332
1997-01-31,757.1536426324382,836.8836377732505,589.7496430035072,287.5637429625771,41.44893485250306,834.7448456552513,750.3229715032948,818.8317272263586,738.77562079578,170.2101479143152,652.2215804773588,871.4509159101457,623.3696389584303,681.5219083559276,324.2462629282416,716.6690601749369,763.3608139877871,656.2295776620418,597.0719619988524,516.5302604730957,719.4056270985002,753.2865853220488,801.4673323869121,588.5370022038262,544.9970822663096
1997-02-28,777.1977710138467,859.36233228384,593.8684545102439,282.94288117691144,39.15307835102291,853.3037278087045,764.4598066093885,829.4364169256671,723.6019083202555,157.99144223613817,664.7037970845345,872.8382657682747,634.6607332288843,669.0139367718713,298.52542812145884,734.0275014814341,779.4432996168819,664.7047826575471,602.1196083655907,484.76468251452127,740.1525659783939,762.7938153153984,828.3717892678081,585.8779920278693,519.4797738775187
1997-03-31,769.4972954986414,839.9768367921812,581.7565073805073,267.78704574667023,35.54089364851424,833.6854218026547,758.5826396161754,805.5868021933865,684.4535978763131,145.1211433686979,657.4219669874734,841.6028755894912,609.3320580264528,637.0591550958995,272.49162258584266,716.2941310731441,752.9016963783278,643.6761821533929,578.8440727846104,451.4152961809348,717.1071756840906,732.4941193834401,786.3749962955088,557.8548617911844,491.3634505961719
1997-04-30,762.0316327377136,827.1268711429343,571.7892731395572,254.6052284197904,33.35502206644968,840.9609944787263,776.8508267434121,811.4957813874751,676.2456303305803,139.4344262446521,673.6004641730682,846.8856168395664,625.4994655220687,646.1818421968729,269.69531355486674,724.020079570899,771.8559965846521,662.6581927650965,586.3748341715382,456.70498062158293,749.1001952200605,787.3330241252008,830.269662213728,604.2086958219993,508.7385535727031
1997-05-31,813.9297970853157,882.7991265858228,614.7866829011057,287.5302673485808,37.431172538080155,896.2642713976365,848.1416502628283,912.2316217057908,760.3922266038751,168.4111309691107,711.8286377158181,914.2638365153225,680.7285663298052,717.1823644719387,314.20987353366525,761.8892258127753,818.543250250068,706.2876081767504,634.7548626145293,506.44609017602136,799.3003957025376,819.211350939006,871.3779737292541,637.4830729096126,558.2657779786665
1997-06-30,875.8169492066978,950.1116771888652,659.9452239069234,303.24580917105226,37.839284612262844,950.110932558935,916.797868709954,975.5103926086563,823.1382723587737,180.02038387133538,744.9471769141843,958.5882615734218,728.2018958170794,759.6524697312379,327.28666005038934,793.749147568588,841.1645115139789,732.4329628562373,661.5085105640065,522.8559563899048,844.5863582218562,860.9378810990842,911.9083774213228,661.5085349614301,574.4828405631688
1997-07-31,918.8519666398672,994.9740503623691,699.1017538769929,324.50697934365303,39.369316085559696,1001.0767832032615,964.5419513187622,1009.0416113337935,857.7619375090007,190.00215411623319,790.7636631359373,1013.7473473208796,758.9065287542065,795.3956377370322,351.2014963002713,833.5326485938733,895.1538145209921,785.6266392166344,697.8980937301326,569.2238683144743,918.207261895339,902.0097836547972,976.394890239049,732.0597432321365,641.3526432047216
1997-08-31,951.8580481335381,1026.0848989690996,726.3890935343196,337.179301394002,41.236838963394305,1028.4031761543608,979.591699385189,1038.1403533214375,886.3931732211137,197.26935650687088,796.5148872579251,1012.604854060449,781.0870898701056,808.5077348251273,358.8619033375728,827.7787727206298,888.523410216835,781.72993108612,695.742984416694,579.9264154865231,850.2571698932982,842.309364113821,923.4654996340804,700.0680003931488,618.4800838901117
1997-09-30,1026.737865206059,1112.445334490834,793.5372277297257,372.2604474489381,45.17994674191303,1090.7130961943774,1061.1495655009016,1118.8256597219329,961.3049194695498,216.25416483837913,840.3032931849294,1084.1788029600036,841.4299729980207,868.0090530618477,384.6529494685408,871.0823636579642,933.7350354223086,817.0508345623842,736.2282686799014,611.9371937685482,908.5269942604258,891.4176846603849,961.8465727298722,743.0311735772764,643.2638178117563
1997-10-31,1027.5418009545153,1107.9833162541913,785.9129220456986,361.06880935683324,42.99490897763389,1092.843258871245,1054.0197015703009,1097.8577480330841,930.3537849773885,201.7497817485042,843.9485288707656,1059.3803811998996,814.7995557826064,818.7486712915348,352.30094384759025,861.3880880328148,902.379279197792,776.4009214412365,701.2478549501132,571.4581603379524,880.9977178073407,869.8373539324416,950.4073314403958,718.5861909977576,607.1825070068771
1997-11-30,1040.4220374294803,1124.1964361209386,789.4212373297106,354.20958518548144,40.44625676325771,1111.2751532753675,1062.0365754204447,1092.0226341022885,922.764889153328,195.537704218686,862.3255080869267,1072.4976290799166,819.8830902111341,805.2425932099096,340.0718734847527,909.271790458471,930.251067994374,783.6377544299902,722.5216111257348,566.6807701175272,933.1607116809955,921.3569505685061,992.1302132906292,753.3866016415881,613.1031436327012
1997-12-31,1093.9507108331895,1173.892663776101,795.94896154119,351.1031671234048,37.07603197220249,1169.7582307667903,1085.387573604214,1122.9203225115787,936.3895127416768,193.3656714002248,918.7655749167242,1114.8419804712498,842.3134517931303,822.1510771821313,332.07168266102383,967.5633864011827,955.0217934329282,798.4445897999449,729.6731300326572,561.1216317626743,962.6112637416478,958.2057004495431,1012.7883485917664,759.5877267597,608.4466252568109
1998-01-31,1074.6413868362729,1153.0584167794027,794.210609009184,350.998538379602,37.50730037610316,1159.5240160058117,1068.4859183080491,1117.0092699338775,919.2077015723798,191.5596360293467,899.3566521466084,1079.5070639002136,835.0788215556792,812.7300479887012,329.79599541974784,944.3563785783504,945.6014584625059,809.826417427543,719.9779631539134,555.4413974843408,957.6538157333782,963.1002151674393,1000.6905917678378,787.8641394760566,623.7940829322886
1998-02-28,1127.5975650967907,1226.0942899566269,841.5304713045604,375.0759851168276,40.080413703804965,1236.4108939831408,1136.6638677834492,1196.9000069380884,1003.4062078287083,209.1430865801165,945.3866249601239,1169.9179395159842,891.3205451086327,889.7484109863503,362.5153859213364,996.1354388158012,1013.3490749540521,878.3142473758076,784.7680600801709,612.4152433898995,1015.0172792958077,1038.6766152520586,1074.671647217234,849.2631797295651,663.7038045642134
1998-03-31,1172.4500134436457,1285.9436305322797,885.8362090882741,393.1017618855572,41.668119131853786,1307.5490311793549,1203.2973770406504,1257.05500438679,1059.467516066306,220.2201410177458,988.010326333076,1223.2357796914857,944.4994027914491,939.2691382966177,377.1475944432793,1045.294722721361,1055.717199777881,914.3822219442951,824.7559165815561,632.1417507947315,1092.3859563928515,1092.6566389467082,1117.0749664014843,886.381925526005,701.7459792342252
1998-04-30,1196.8756645737174,1332.7764116126348,912.096823506696,402.2751846009186,42.92762136885233,1329.8322817687135,1210.7421779124008,1260.4628805036823,1070.0007421110372,224.35125064309767,990.1207163901233,1227.0840794543954,946.2930071573503,922.9418228656076,386.4412654655506,1032.344566401566,1049.2044803724514,923.0478222616612,818.722827051762,648.8637965285045,1096.2322473453107,1088.6487743950515,1145.9949202066525,910.9905469243836,706.5515357000211
1998-05-31,1167.207510600264,1305.635752766555,879.3115031857477,380.85684694721186,39.245418790696284,1309.279723853978,1172.0408041954308,1224.0039916851133,1007.3842986826993,207.5076317985658,958.2853649960317,1195.773802083037,911.3965599324085,876.906407682894,346.5129945938535,1011.3673248122861,1022.5127183917762,893.5047536623545,791.7508222373688,600.4072970675523,1075.22624502168,1065.7142106648712,1166.7041944097068,886.8820930905766,665.9015061965918
1998-06-30,1141.3375233353197,1274.835805358792,860.3711334071268,366.6954468071737,37.185544494629006,1311.2580455167215,1156.0190064020794,1215.8362130485984,1002.7976779707968,210.03465973860872,954.6448388944118,1198.8887928374634,892.7639686611504,881.6750247278737,355.32516655936973,1015.7263179822271,988.7912714519338,875.1602075649126,813.8050413907907,619.4017823175815,1108.4915945901605,1111.641164573474,1207.8830189513976,959.7616290902946,695.3583252247041
1998-07-31,1111.536059263511,1237.808199392146,814.3885981821828,343.6006008718111,34.05593469887204,1246.7507059675265,1078.654746436633,1125.4752656948267,923.4473005106457,190.9918673134078,912.2862927478277,1129.2333539736067,825.8522019739657,800.6349831549863,321.90399204312854,981.2535824762284,936.6275879264871,834.461757272314,768.5884056810356,574.193504431568,1069.2676195155875,1082.2271393588599,1205.5856254493522,970.1644853880044,704.177554863529
1998-08-31,975.8275102519699,1035.7719072791606,666.0289840855401,266.5371709070796,24.97505593515661,1106.0162395272062,904.9719164748992,925.5514668731262,727.6884776172955,140.97396214203596,823.9122072830529,947.7926555905434,678.7927003684617,632.8987516440841,238.640949269237,912.2655681066547,774.3596682009869,694.7444874051814,624.1168430651713,428.6429155737232,956.5732280243617,925.7219438276177,1021.8712543296272,820.7154972364092,587.99741261926
1998-09-30,959.1876995471533,1058.9897703527301,680.3446110694745,282.7890083659679,26.45647635300636,1150.8840003161063,956.5372162756391,981.3844335607807,776.9042324239862,154.4403589016918,858.2166159454902,995.931044567987,722.9427351858272,673.705531555088,259.37837047883517,964.9598518516314,813.0203489955893,721.6873733712416,666.1323889403187,478.9300165000856,985.0217158258064,1004.7387917869116,1084.8389610214188,860.8419193272917,650.5203534978913
1998-10-31,961.0091969885935,1076.149640591526,699.3364308874789,296.60890720481274,27.449282084629274,1158.2680720621345,980.2048166179472,1000.3496877393429,815.2732017507096,169.45752163985674,895.9051986347364,1028.1922388946778,751.4613802034378,714.2565412049204,276.3414565297805,973.8384474485182,874.3789947342864,789.0273004931389,711.8197449681794,532.1132791123541,1020.8380904349486,1081.442560629508,1180.9947471705132,925.5290245132219,720.9008010631816
1998-11-30,1001.2351199561421,1124.242768029561,743.8002411633048,328.191527035074,30.360799986063814,1195.4484771753291,1032.1350875975495,1052.8600435481565,868.6206037072673,186.89419224403306,940.4693150252253,1078.6055325599227,795.1731372284914,746.771641730192,300.09632081599347,1011.8210684143527,908.0880537392824,825.6791966556461,742.4856514011535,573.2701127985782,1097.5724480167628,1134.0049948463447,1238.4690375363134,990.3428965708581,787.3325307819548
1998-12-31,1009.6044443238554,1117.4860689937032,756.2001349837383,336.1757705047832,30.60696535235082,1241.7864510475993,1073.3771414277724,1104.231190792958,911.8362159829113,199.5525358847214,980.1665248124401,1131.854130491341,821.9641105679939,809.846961677291,331.0527567897673,1051.871981765398,921.3406907955535,849.3514192237635,812.9037330656903,621.4792629343747,1156.1048890970487,1198.452766713452,1333.867069028698,1057.6188702207096,866.8853970246943
1999-01-31,1007.2934597507981,1139.698339587091,773.3144564386902,357.04556233772007,34.54519419120315,1210.9417173900279,1049.5449487566516,1085.692253330735,909.393406760293,209.46650542001026,930.7073219704045,1076.9897652240343,799.0255581343729,813.5123290258424,354.9981337411279,974.6782526395807,892.2806840671709,820.1982811103271,792.7721721163184,683.9671383846372,1142.1668885540946,1246.3297562908879,1390.9098942357102,1126.1229596826456,967.7839221551926
