date,SMALL LoCFP,ME1 CFP2,SMALL HiCFP,BIG LoCFP,ME2 CFP2,BIG HiCFP
1994-01-31,102.86999999999999,101.82,103.13000000000001,101.98,104.02,102.61
1994-02-28,103.003731,102.94002,102.26370800000002,99.85881599999999,102.324474,98.433773
1994-03-31,96.97801273649999,98.30771909999999,97.20165445400002,95.11552223999999,97.9142891706,94.84094028550001
1994-04-30,97.10408415305746,99.33011937863999,97.68766272627,95.95253883571199,99.2655063611543,95.76089740626936
1994-05-31,94.51140510617083,98.36661722066718,96.96477402209561,97.45899369543267,101.12177133010786,95.89496266263815
1994-06-30,90.42851240558424,96.7042213896379,94.76367365179404,94.5157320858306,98.29036173286485,94.70586512562143
1994-07-31,91.80302579414914,98.42555653037346,96.27041606285756,97.81433113562609,101.10146607842478,98.08686451060613
1994-08-31,99.38595572474586,102.52990223769002,100.00570820609644,102.78329915731588,105.30728706728726,100.27420158919264
1994-09-30,100.55871000229786,102.07877066784418,99.94570478117278,101.63212620675395,102.4955825025907,96.83479647468334
1994-10-31,102.04697891033186,101.86440524944172,98.87628574001424,104.27456148812955,103.73577905087205,99.64300557244916
1994-11-30,98.54676753370747,98.4010154709607,95.1486497676157,101.6781249070751,99.19215192844386,96.26510768354312
1994-12-31,100.11366113749342,101.00864238094115,95.90032410077987,103.14228990573699,101.06688359989144,96.45763789891019
1995-01-31,99.02242223109474,100.83692768889357,96.533266239845,105.48361988659722,103.31056841580903,100.05550779253956
1995-02-28,102.9536123936692,104.75948417599153,100.37529023619085,109.21774003058277,107.67027440295618,104.47796123696979
1995-03-31,106.20694654530915,106.393732129137,101.64001889316685,112.7454730335706,110.41586640023158,106.69289401519357
1995-04-30,107.68322310228895,109.53234722694656,104.60790744484731,113.78273138547948,113.7173008055985,110.96060977580132
1995-05-31,108.64160378789931,111.18628567007345,107.44278173660267,117.32137433156788,118.19776245733908,116.64179299632234
1995-06-30,116.76799575123418,115.82275378251552,110.88095075217394,121.744390143868,120.83357256013774,118.91630795975064
1995-07-31,125.18696824489817,121.23167638415899,116.75764114203915,127.07679443216942,124.50691316596591,124.05349246361186
1995-08-31,127.26507191776346,124.56554748472337,120.36545225332816,127.24199426493124,125.3037574102281,126.80747999630404
1995-09-30,130.72668187392665,126.15998649252782,122.42370148686005,132.56070962520536,130.7920619847961,131.39791077217023
1995-10-31,124.25571112116727,121.277595015267,116.95136203039742,132.26907606402992,130.6612699228113,129.55834002135987
1995-11-30,128.5798098681839,125.76486603083188,121.07974511007045,138.89575677483782,135.44347240198618,136.1658153624492
1995-12-31,131.13854808456077,128.45623416389168,122.87172533769947,138.67352356399806,139.00563572615843,139.14784671888685
1996-01-31,130.03698428065044,127.98094609748529,123.33863789398274,142.8614639756308,143.00899803507178,144.19891355478245
1996-02-29,136.03168925598843,131.02689261460546,126.81678748259306,145.51868720557755,144.36758351640498,147.0828918258781
1996-03-31,139.50049733201615,134.69564560781438,131.61046204943509,146.28993624776712,146.87957946959042,147.8330145741901
1996-04-30,150.50708657151222,141.28226267803652,137.42764447202015,149.49368585159323,149.18558886726302,149.14872840390038
1996-05-31,159.04083838011695,147.55519514094132,144.38148328230434,154.4568762218661,151.97535937908083,151.60968242256473
1996-06-30,150.70709844899883,143.21707240379766,142.53340029629084,153.59191771502364,153.09997703848603,151.00324369287446
1996-07-31,134.52115607557639,135.21123805642537,133.81035619815785,144.45319861097974,147.14438793168893,145.09901686448305
1996-08-31,143.31883968291905,141.20109590232502,141.34387925211414,149.16237288569766,150.3668500273929,149.4084576653582
1996-09-30,150.2984671754772,145.3947684506241,145.73967389685487,158.7684296995366,158.39643981885564,154.77222129554457
1996-10-31,145.0680805177706,145.83095275597594,147.5176979183965,158.60966126983706,164.03535307640692,160.79286070394124
1996-11-30,148.65126210655953,153.73499039534985,152.73982442470776,169.01445504913838,177.1581813225195,173.2864659806375
1996-12-31,150.97022179542185,157.17865418020568,157.0929094208119,165.43134860209662,175.4751785999556,170.5138825249473
1997-01-31,156.0579182699276,161.95688526728392,160.39186051864897,175.58883340626534,185.88085669093292,178.47688083886231
1997-02-28,148.97288878047289,162.5075386771927,159.7663322626262,175.55371563958408,187.3493154587913,179.86900050940545
1997-03-31,139.54290492066895,158.33109493318887,156.25147295284845,165.79292905002322,180.47359558145365,173.28579509076124
1997-04-30,137.31021844193825,160.9435579995865,155.32958926242662,177.01711034670979,189.26265968627044,180.1479125763554
1997-05-31,155.90202201897668,177.03791379954515,168.62580210329034,190.48811244409444,200.06955755435646,189.76781110793274
1997-06-30,163.46327008689704,188.43915544823585,177.93394637939195,199.32676086150042,207.67220074142202,197.03591827336658
1997-07-31,172.35567197962422,198.3887428559027,187.88045398199998,217.38576539555234,223.62142575836322,207.16356447261762
1997-08-31,178.12958699094165,204.53879388443568,194.41869378057356,204.2774037422005,214.27405016166367,203.82823108460846
1997-09-30,191.91681702404054,220.77917411885983,209.3889332016777,215.4922332076473,224.40921273431033,216.7509409353726
1997-10-31,182.09067599240964,215.23761684847648,203.0025707390265,208.6611294149649,214.75961658673498,213.781453044558
1997-11-30,179.41394305532123,214.97933170825831,201.56125248677944,216.46505565508463,223.92985221498853,225.56081110731313
1997-12-31,178.5706975229612,220.3968108673064,204.32264164584834,219.40898041199378,229.08023881593326,233.92911719939443
1998-01-31,176.2314213854104,217.5977713692916,202.03422805941486,225.70601814981796,225.36913894711512,234.51393999239286
1998-02-28,191.15822277675468,232.3726600452665,216.52008221127494,243.69478779635844,243.64657611572613,245.41883820203915
1998-03-31,200.06619595815144,241.55138011705458,227.6275624287133,254.2224026291611,255.1466945083884,264.4878819303376
1998-04-30,202.88712932116138,244.3533761264124,232.7719453396022,259.05262827911514,259.2290416205226,260.20317824306613
1998-05-31,189.78062076701434,235.5322192482489,223.39123594241624,251.64372311033247,254.22592111724654,259.9950157004717
1998-06-30,192.19083465075542,232.75293906111955,224.37415738056288,269.68657805734335,257.63254846021766,262.2309728354957
1998-07-31,178.00715105352967,217.08866626230622,206.82809827340284,265.560373413066,255.3653820337677,252.73821161885078
1998-08-31,139.949222158285,179.5974535988059,171.04683727210414,223.78772667519073,217.3414766489397,223.2436623229309
1998-09-30,151.53701775299103,185.66784753044556,176.91374379053732,238.46820154508325,229.07791638798244,239.96461263091842
1998-10-31,156.7953522690198,192.40759039580072,183.47724368516626,258.0702877120891,247.72485878196423,251.5788998822549
1998-11-30,167.9435018153471,203.60571215683635,190.3759880477285,274.63840018320525,264.0499269756957,260.8873191778983
1998-12-31,176.9116848122866,211.44453207487453,196.5441700604749,297.0763574781731,274.45349409853816,267.61821201268805
1999-01-31,181.1044917423378,209.28779784771078,195.52214037616045,310.8607004651604,280.491470968706,264.8885062501586
1999-02-28,165.02241287561822,193.9470022654736,179.7435036478043,299.82514559864717,269.0474189531828,259.9615800339057
1999-03-31,165.03891511690577,188.96256430725094,177.01140239235767,313.7969973835442,271.7109884008193,266.9285503788144
1999-04-30,179.46331629812332,206.2904314542258,195.2966802594882,315.7111590675838,294.7792513160488,294.5289624879838
1999-05-31,183.17820694549445,211.34454702485434,201.95629705633675,307.50266893182663,293.01057580815257,292.3494481655727
1999-06-30,197.9057347839122,223.43345511467598,211.60980805562968,327.12133920967716,307.33879296517125,294.48359913718144
1999-07-31,194.0663635291043,223.38876842365306,210.9749786314628,316.9478655602562,298.1800969348091,285.61964280315226
1999-08-31,187.50692044182057,214.85531746986953,204.35036430243488,319.166500619178,285.6863508732406,276.2227565549286
1999-09-30,187.95693705088095,212.6208221681829,200.14074679780472,309.75108885091225,278.48705483123496,271.4993474178393
1999-10-31,188.44562508721324,209.5803444111779,193.87634142303344,334.50020085010016,285.5327773184652,289.68980369483455
1999-11-30,206.23489209544616,218.02643229094838,201.47629400681635,345.43835741789843,287.33163381557154,284.504356208697
1999-12-31,231.9936301181674,228.9931618351831,211.24789426614691,373.6261273831989,292.0726057735285,292.2997755688153
2000-01-31,228.86171611157215,226.68033090064773,200.19962939602743,353.4129538917678,283.4564639032094,275.9017581594048
2000-02-29,272.64296240371596,240.30381878777666,208.8482533859358,359.95109353876546,259.4477014106075,260.037407065239
2000-03-31,251.86756866855276,245.8308066198955,214.80042860743498,392.9946039256242,292.29378040919045,287.3413348070891
2000-04-30,226.40375747616207,242.73333845648483,212.43762389275318,377.78571275370257,287.96783245913446,290.21474815515995
2000-05-31,211.46110948273537,234.35903827973613,207.55155854321984,368.64329850506294,284.54101525287075,282.46601437941723
2000-06-30,236.47695873454296,254.04519749523396,211.91014127262747,386.8174131213625,271.56594495733987,265.9982457410972
2000-07-31,226.4739833800718,261.4125082225957,215.06760237758957,378.5782022218775,278.38225017576906,271.1320118839004
2000-08-31,244.38807546543546,275.5287836666159,227.9501517600072,404.7758138156314,298.25874283831894,289.4063094848753
2000-09-30,235.6634211713194,275.9971825988492,225.1463648933591,379.5987581962991,307.29598274632,294.4709199008606
2000-10-31,227.06170629856626,275.5831868249509,222.24197678623477,371.0577861368824,320.87846518370736,304.57127245346015
2000-11-30,199.88242005462786,271.5321139786241,218.8416745414054,336.99468136951657,312.0222195446371,295.00773449842154
2000-12-31,212.61493021210768,294.34081155282854,238.71249858976503,336.3206920067775,331.24278826858676,321.3224244156807
2001-01-31,235.59860416803656,305.4963283106808,250.60038101953532,348.99998209543304,335.31707456429035,324.15006175053867
2001-02-28,217.08055388042888,305.61852684200505,253.23168502024043,312.1106839879458,328.7448599028302,333.2910934919039
2001-03-31,207.31192895580958,303.632006417532,248.85077686939024,287.766050636886,323.68218906032666,329.25827126065184
2001-04-30,224.64320621651527,317.38653630824615,263.7818234815537,313.31967593344154,337.27684100086043,349.9686165229468
2001-05-31,235.08911530558322,330.90720275497745,275.1508200736086,314.3849628316152,347.6312400195868,353.6432869964377
2001-06-30,249.50007807381547,348.47837522126673,282.88255811767704,308.47452553038084,340.4352733511813,348.9398312793851
2001-07-31,235.65282374071873,339.8361115157793,283.3917467222889,303.01452642849307,337.30326883635047,356.5118256181477
2001-08-31,223.09252823533842,335.7240945664384,282.9949982768777,280.924767451856,326.1722609647509,335.4419767241152
2001-09-30,191.88188353521457,298.1901407939106,240.97024103276138,257.2428095556645,299.49137001783424,309.5123119233411
2001-10-31,205.7357555264571,310.266841496064,255.13929120548778,265.65464942813475,303.8938931570964,300.3507474904102
2001-11-30,221.4951143997837,329.22414551147347,274.63193305358703,287.3851997513562,323.98127949478044,321.3452647399899
2001-12-31,236.88902485056866,349.57019770408255,293.16958853470413,289.42563466959086,331.335654539312,330.21439404681365
2002-01-31,233.0751115504745,352.6813724636488,301.2317522194085,285.807814236221,330.7723839265951,322.88363449897435
2002-02-28,220.8852832163847,352.892981287127,304.8164100708195,279.57720388587137,328.1262048551823,316.1676549013957
2002-03-31,240.96375546075407,380.4539231256516,333.74348738654027,288.5795898509964,345.51689371250694,330.30034907548804
2002-04-30,240.1926714432797,397.84066741249393,350.03016957100346,270.62993936226445,332.1799416152042,308.92991649030404
2002-05-31,229.5521360983424,386.58177652472034,339.9142976704014,266.8952461990651,331.6152357144583,311.18510488068324
2002-06-30,215.480590155514,379.3913554813606,332.3342088323515,248.5595427851894,305.3181475223018,289.6199771124519
2002-07-31,182.66289627482922,335.9510452787448,283.94634802636114,232.75115586405133,279.6408913156762,267.0006568999694
2002-08-31,183.48487930806593,337.76518092325006,287.2117310286643,233.91491164337154,282.68897703101703,268.4424604472293
2002-09-30,168.47581618066616,322.36308867314983,270.95554705244194,211.22516521396452,251.9324163300424,238.69903582967623
2002-10-31,178.23056593752676,329.3583676973572,273.15028698356673,230.00308240148595,272.0618163948128,253.4983760511162
2002-11-30,195.85756890874814,345.6286710616067,285.7425152135092,242.69925255004793,284.4134228591373,262.97921531542795
2002-12-31,183.47937055371526,337.09164288638505,281.85641700660545,225.63749509577957,273.8901262133493,263.7418550398427
2003-01-31,181.35100985529215,328.0575868570299,273.7107665551145,219.6581014757414,267.7549873861702,250.42289136033062
2003-02-28,173.78867274432648,320.57787387668964,267.1143370811363,217.41758884068884,261.061112701516,242.2841473911199
2003-03-31,175.49180173722087,323.9118837650072,269.17111747666104,221.26588016316907,264.14163383139385,238.16531688547084
2003-04-30,192.58470322642617,350.8613524942558,291.1893148862519,240.09560656505477,283.3447306109362,254.8368890674538
2003-05-31,213.21052494197642,373.70242654163184,318.7940619374686,251.23604270967328,298.9570252675988,280.80476806342733
2003-06-30,218.88192490543298,381.7370287122769,328.7404366699176,254.67797649479581,302.1857611404888,284.8483567235407
2003-07-31,234.37876518873765,403.41969194313424,341.8571800930473,260.6374411447741,310.82827390910677,278.2398748475546
2003-08-31,246.26176858380663,418.4672464526132,355.6682101688064,264.31242906491536,319.0341403403072,285.6132315310147
2003-09-30,240.49924319894552,414.40811416202285,350.75998886847685,260.9820924586974,314.66337261764494,288.32655723055944
2003-10-31,263.2264216812459,444.99143298718013,383.6261998254531,275.38830396241747,333.8263720100595,307.35611000777635
2003-11-30,273.3606389159739,461.8566082973943,397.20656729927424,277.34356092055066,338.7670023158084,314.8555990919661
2003-12-31,277.2423599885807,472.2945676449154,414.92198020082185,290.101364722896,353.6388737174724,330.3779801272
2004-01-31,288.5261240401159,484.33807911986077,424.9630921216817,294.68496628551776,359.19100403483674,333.3513819483448
2004-02-29,287.5451352183795,495.2841197079696,436.94705131951315,298.72215032362936,366.5544196175509,338.61833378312866
2004-03-31,289.35666957025535,501.0789439085529,447.1716123203897,294.8686345844546,361.56927951075215,336.78979478069976
2004-04-30,276.509233441336,491.1575808191635,435.81345336745187,292.5391723712374,354.0847954248796,330.79493643360325
2004-05-31,282.26062549691574,495.52888328845404,436.5543362381765,296.1374041914036,360.6353641402398,325.2375815015187
2004-06-30,293.8897632673887,523.5758180825806,459.47343889068077,299.6318255608622,366.6579747213818,338.24708476157946
2004-07-31,270.1728593717104,501.95213679577,441.73776414950055,282.7925169643417,356.7215436064323,340.54716493795814
2004-08-31,265.39079976083116,502.905845855682,440.6334197391268,281.2937166244307,361.0735464384308,343.2715422574618
2004-09-30,279.1645822684183,524.933121904161,462.57696404213533,284.8942761972234,362.01233765917067,355.52633631605323
2004-10-31,288.51659577441035,535.0118378447208,466.2775797544724,291.190439701182,364.40161908772114,360.0059681536355
2004-11-30,311.16514854270156,578.4547990777122,513.045221003846,300.07174811206806,379.9980083846756,381.93033161419186
2004-12-31,321.80699662286196,592.6847871350238,530.5400630400773,310.84432386929126,396.03392433850894,389.45435914699146
2005-01-31,306.8107905802366,577.4527881056538,524.9163383718524,300.4621234520569,389.38055440962194,386.1439970942421
2005-02-28,312.30270373162284,584.6709479569745,543.8658181870763,303.4967908989227,392.5345369003399,416.91967366265305
2005-03-31,305.18220208654185,575.5500811688456,531.3569043687735,298.9746887145287,387.0390533837351,409.95711511248675
2005-04-30,285.34535895091665,549.477662491897,501.54778203368534,295.1777101678542,377.44048485981847,400.28212719583206
2005-05-31,304.97711964673965,580.7978892539351,533.3960661928243,308.2540827282901,388.23528272680926,411.0096882046803
2005-06-30,313.48598128488374,603.1005282012861,562.3061329804754,304.55503373555064,390.71998853626087,423.1755749755389
2005-07-31,334.2701018440715,637.8391186256803,598.1250336513317,317.5290781726851,403.1058121728603,441.0759017970042
2005-08-31,328.2198130006938,626.2942305785554,588.2559705960848,313.52821178770927,398.7119588201761,443.10485094527036
2005-09-30,329.3357603648962,623.2253888487205,601.6682067256754,313.24603639710034,399.90809469663657,460.4745611023249
2005-10-31,319.78502331431423,610.6985585328612,578.0226462013565,313.49663322621797,396.2689310348972,435.19450769780735
2005-11-30,337.11737157795005,638.8517620812262,598.8892637292254,326.3186455251702,412.8329723521559,447.59755116719487
2005-12-31,335.0609556113246,637.0629771473987,597.0925959380377,324.94810721396453,415.351253483504,447.64231092231154
2006-01-31,360.49208214222415,688.2191342123348,652.2639518027124,332.06447076195036,419.9201172718225,477.81340267847526
2006-02-28,357.9325883590143,688.5632437794409,637.9793712582331,332.2305029973313,425.0011506908115,469.8339188537447
2006-03-31,376.4734964360113,721.8897047783659,672.3664593690519,337.9780906991852,428.7836609319597,478.149979217456
2006-04-30,375.1558391984853,732.2849165271742,685.4776053267484,336.79516738173805,437.7452394454377,489.9124687062054
2006-05-31,354.1471122033701,698.7462673502297,655.5222339739696,327.70169786243116,426.80160845930175,475.2640858918898
2006-06-30,354.1471122033701,697.1391509353242,664.3062319092209,326.1287297126915,425.39316315138603,484.4842091581925
2006-07-31,339.0958599347269,678.9438190959122,647.8314373578721,321.00850865620225,427.09473580399157,496.3540722825682
2006-08-31,350.3877520705533,695.577942663762,655.7349808936382,333.72044559898785,436.53352946525973,496.99933257653555
2006-09-30,353.96170714167295,708.5156923973079,662.8824921853787,342.53066536280113,449.97876217278974,499.3352294396453
2006-10-31,372.2969235716116,745.1459536942489,696.689499286833,353.6629119870922,463.34313140932164,521.8053147644292
2006-11-30,382.34894050804513,761.0175625079364,724.835755058021,359.35688487008434,469.6445979964884,542.9384300123886
2006-12-31,383.1901081771628,768.6277381330158,737.5928643470422,362.23173994904505,479.0374899564182,546.684705179474
2007-01-31,390.2408061676226,775.5453877762129,755.8851673828489,370.16461505392914,487.6122610266381,551.6048675260893
2007-02-28,390.4749506513232,772.2880971475529,751.6522104455049,361.87292767672113,479.46913626749324,545.7578559303128
2007-03-31,395.74636248511604,783.3318169367628,762.5511674969647,364.94884756197325,482.44184491235166,561.3665306099197
2007-04-30,403.6612897348183,794.9251278274269,782.8350285523838,381.8824740888489,501.83600707782824,586.740297793488
2007-05-31,421.3012880962299,828.2324906833961,813.8352956830583,394.59916047600757,516.8409036894553,617.5441634276461
2007-06-30,419.1526515269391,817.5482915535804,803.8251215461568,389.07477222934347,505.98724471197676,609.8248613848006
2007-07-31,398.5722563369664,769.1494326936084,735.4196037025789,382.26596371533,486.60793323950804,591.9569929462258
2007-08-31,409.0148494529949,783.5325270849788,722.9174704396349,389.4143372368066,498.6758099838478,588.4052509885485
2007-09-30,419.1993192043744,780.7901632401814,725.0139311039098,407.32739674969974,509.3474723175022,618.8258024646564
2007-10-31,429.134343069518,794.8443861785046,733.3515913116049,425.2498022066866,511.58860119569914,628.3557198226122
2007-11-30,399.8673808721769,748.2665051484443,677.1035242580048,406.75143581069574,495.62703683839334,596.3095781116589
2007-12-31,399.8673808721769,737.0425075712176,677.8483381346887,401.7483931502242,485.4666825832062,611.9328890581844
2008-01-31,369.5574334020659,695.9155356487437,649.3787079330318,367.11768166067486,469.73756206751034,569.7095197131697
2008-02-29,350.6730485552203,674.4813371507623,647.4305718092327,353.7545980482263,448.1296342124049,572.6720092156781
2008-03-31,349.9015678483988,680.1469803828287,654.0991066988677,353.7545980482263,444.5445971387056,565.3418074977175
2008-04-30,362.14812272309274,704.496242280534,679.0202826640946,368.85991938488553,457.83648059315294,608.8731266750417
2008-05-31,377.865351249275,731.6193476083346,730.2184119769673,380.84786676489426,455.2725963018313,630.6098972973408
2008-06-30,344.76434647983854,662.0423476507821,713.0582792955086,347.523678422966,406.9226465745768,600.8451101449064
2008-07-31,355.3486119167696,690.5101685997656,738.728377350147,349.46981102213465,405.7018786348531,564.3738119591105
2008-08-31,369.06506833675684,725.5880851646336,776.3296517572694,354.18765347093347,411.70626643864887,573.1780434256726
2008-09-30,336.2182772547855,692.0659156300277,709.1771368802656,317.42297504065056,378.06986447061126,523.712778278037
2008-10-31,269.68068018606346,575.0375692969899,556.7749701646966,267.96847552931723,318.9019306809606,419.4415641228798
2008-11-30,239.9349011615407,520.006473915268,473.81549961015673,247.73685562685378,298.6516580827196,391.3389793266469
2008-12-31,250.6839847335777,538.7787076236092,514.08981707702,251.47768214681923,303.9975227624003,395.95677928270135
2009-01-31,226.49298020678742,464.21173448850163,450.44549772288497,238.70261589376085,275.3913558704584,357.6677587260641
2009-02-28,204.9081991930806,407.71716640125095,389.0948209330281,219.82123897656436,246.14479387701573,309.81181260851673
2009-03-31,224.25153319690745,444.5747982439241,434.26872964335263,239.60515048445518,265.61484707268767,340.4212196942382
2009-04-30,259.4814490621416,516.9960328778593,525.117747884742,257.4557341955471,291.75134802464015,385.0844837181222
2009-05-31,265.94253714378897,523.5618824954081,543.1292866371887,271.95049203075644,303.3922268108233,410.80812723049274
2009-06-30,279.2396640009784,525.7608424018888,544.7586744971003,276.0025543620146,303.5135837015476,400.82548973879176
2009-07-31,302.0256205834582,575.6029702615879,606.425356450172,293.44591579769394,328.15888669811324,433.29235440763387
2009-08-31,302.4786590143334,595.6339536266911,636.9891944152607,301.955847355827,338.1349168537359,442.00153073122726
2009-09-30,317.11862611062713,626.7260460060044,686.3558569824434,312.67527993695893,350.003452435302,467.2398181359803
2009-10-31,300.75530500331877,589.4358462686471,645.2431411491949,306.8907872581252,344.85840168450306,460.46484077300863
2009-11-30,306.37942920688084,608.8282856108856,662.5356573319934,324.62907476164486,366.5155093102898,483.1657574231179
2009-12-31,330.9510594292727,652.4203908606249,713.2196351178909,330.14776903259275,373.91912259835766,505.29474911309677
2010-01-31,318.2756338531315,632.1953587439456,695.6031101304789,322.2572373527138,359.0745334312029,478.9688926843044
2010-02-28,329.7653842352296,663.994785288766,736.9219348722293,330.6036998001491,372.10893899475553,496.163875931671
2010-03-31,353.97016343809537,713.2631983571926,790.717236117902,349.5803521686776,393.35635941135604,528.3649114796364
2010-04-30,371.03152531581156,752.7779795461809,847.4116619475558,348.1121146895691,402.0101993184059,546.0122995230563
2010-05-31,345.13352484876793,703.7721330777246,777.6696821692718,323.39615454660975,370.41219765197917,494.2503335282706
2010-06-30,325.56445398984283,653.4524255626673,703.1689266174557,310.58966682656404,349.74319702299874,460.8390109817595
2010-07-31,344.60997454824866,696.2535594370221,754.6408920458533,333.4490663049991,371.1824550005085,498.3973903767729
2010-08-31,321.41772326115154,641.319153597441,701.8914936918482,315.24274728474614,356.59498451898855,484.54194292429855
2010-09-30,363.71629564231904,716.2893626529818,777.2044509649835,352.22072154124686,385.19390227741144,523.7413861068743
2010-10-31,378.99238005929647,753.7512963197329,809.8470379055127,367.78887743337,398.6756888571208,544.1149260264317
2010-11-30,392.29501259937774,782.3184704502507,835.7621431184892,369.7381584837669,400.2703916125493,540.1972985590414
2010-12-31,424.6593511388264,832.9344754883821,892.9282737077939,397.72733708098804,420.84428974143424,575.6342413445145
2011-01-31,423.0456456044989,826.6874669222192,898.4644290047821,407.43188410576414,428.92450010446987,587.5498701403459
2011-02-28,443.0134000770312,867.8565027749457,943.4774968979218,420.71416352761196,443.4650406580114,609.1717053615106
2011-03-31,456.92402083944995,888.424701890712,970.1779100601331,422.56530584713346,442.7111500888928,622.5125657089277
2011-04-30,467.2961961125054,913.2117510734629,992.589019782522,433.25620808506596,459.2242759872085,640.5031788579157
2011-05-31,458.6979461040353,894.3995890013497,982.4646117807403,428.1004592088537,454.9075677929287,636.2118075595677
2011-06-30,450.3496434849419,885.2767131935359,978.5347533336173,418.4253888307336,449.1757324387378,632.5217790757221
2011-07-31,429.858734706377,862.3480463218233,945.7538390969411,412.52559084822025,440.6863110956457,612.8503517464671
2011-08-31,388.2484091867997,799.3966389403301,869.3369288979083,388.72286425627794,419.40116226972594,575.0987700788847
2011-09-30,345.8128580626825,724.4931738716213,772.1450602471222,360.6570734569746,388.4912966104472,539.4426463339939
2011-10-31,399.8634077778798,830.1242786221037,881.094728247991,402.2768997339095,431.0699427189522,596.6775111100307
2011-11-30,396.1446780855455,830.705365617139,875.6319409328535,395.9209247181137,432.9235434726437,599.1238889055818
2011-12-31,397.4915699910364,836.3541621033356,885.0012027008349,390.29884758711654,439.1143501443024,609.129257850305
2012-01-31,425.11723410541344,883.2736305973327,938.2782751034252,423.5523094015388,458.1280015055507,619.7281069369003
2012-02-29,437.2755870008283,901.4690673876377,962.298198946073,449.47371073691295,474.8038607603527,646.6862795886556
2012-03-31,449.56303099555157,925.4481445801489,982.2177716642566,469.6101329779266,489.47530005784756,655.0285325953491
2012-04-30,445.78670153518897,911.9366016692787,960.608980687643,466.1350179938899,485.8042353074137,653.3909612638607
2012-05-31,414.80452577849337,861.6888949173014,900.4748584965964,433.8318612469133,457.4818483889915,616.9970847214637
2012-06-30,436.2914002138194,892.1926817973739,941.8066545015902,446.8468170843208,474.82041044293436,645.0087523678183
2012-07-31,426.86750596920086,877.2930640113577,937.0034405636321,448.94699712461704,482.1801268047999,649.846318010577
2012-08-31,445.2654954764734,901.2431646588678,965.2072441245975,459.6319356561829,493.70423183543465,667.5871224922657
2012-09-30,458.17819484529105,930.4434431938151,998.0242904248339,473.55878330656526,504.86194747491544,687.2809426057876
2012-10-31,448.3273636561173,916.3007028572691,993.8325884050496,461.4830343322478,494.5122775516797,688.3805921139569
2012-11-30,449.9413421652793,926.7465308698421,1009.4357600430088,472.2355890321893,497.82550981127594,676.3339317519627
2012-12-31,464.4294533830014,961.9628990428961,1046.4820524365873,476.29681509786604,499.21942123874754,695.5418154137184
